CROP TYPE,SOIL TYPE,REGION,WEATHER CONDITION,WATER REQUIREMENT,temperature_min,temperature_max
BANANA,DRY,DESERT,NORMAL,8.75,10,20
BANANA,DRY,DESERT,SUNNY,10.25,10,20
BANANA,DRY,DESERT,RAINY,0.75,10,20
BANANA,DRY,DESERT,NORMAL,9.85,20,30
BANANA,DRY,DESERT,SUNNY,11.35,20,30
BANANA,DRY,DESERT,RAINY,0.85,20,30
BANANA,DRY,DESERT,NORMAL,10.75,30,40
BANANA,DRY,DESERT,SUNNY,12.25,30,40
BANANA,DRY,DESERT,RAINY,2.75,30,40
BANANA,DRY,DESERT,NORMAL,11.75,40,50
BANANA,DRY,DESERT,SUNNY,13.25,40,50
BANANA,DRY,DESERT,RAINY,3.75,40,50
BANANA,DRY,SEMI ARID,NORMAL,7.98,10,20
BANANA,DRY,SEMI ARID,SUNNY,9.4,10,20
BANANA,DRY,SEMI ARID,RAINY,0.25,10,20
BANANA,DRY,SEMI ARID,NORMAL,8.98,20,30
BANANA,DRY,SEMI ARID,SUNNY,10.4,20,30
BANANA,DRY,SEMI ARID,RAINY,0.98,20,30
BANANA,DRY,SEMI ARID,NORMAL,9.98,30,40
BANANA,DRY,SEMI ARID,SUNNY,11.4,30,40
BANANA,DRY,SEMI ARID,RAINY,1.98,30,40
BANANA,DRY,SEMI ARID,NORMAL,10.9,40,50
BANANA,DRY,SEMI ARID,SUNNY,12.4,40,50
BANANA,DRY,SEMI ARID,RAINY,2.7,40,50
BANANA,DRY,SEMI HUMID,NORMAL,6.95,10,20
BANANA,DRY,SEMI HUMID,SUNNY,8.45,10,20
BANANA,DRY,SEMI HUMID,RAINY,0.1,10,20
BANANA,DRY,SEMI HUMID,NORMAL,7.95,20,30
BANANA,DRY,SEMI HUMID,SUNNY,9.45,20,30
BANANA,DRY,SEMI HUMID,RAINY,0.5,20,30
BANANA,DRY,SEMI HUMID,NORMAL,8.95,30,40
BANANA,DRY,SEMI HUMID,SUNNY,10.45,30,40
BANANA,DRY,SEMI HUMID,RAINY,0.95,30,40
BANANA,DRY,SEMI HUMID,NORMAL,9.9,40,50
BANANA,DRY,SEMI HUMID,SUNNY,11.4,40,50
BANANA,DRY,SEMI HUMID,RAINY,1.9,40,50
BANANA,DRY,HUMID,NORMAL,5.65,10,20
BANANA,DRY,HUMID,SUNNY,7.15,10,20
BANANA,DRY,HUMID,RAINY,0.1,10,20
BANANA,DRY,HUMID,NORMAL,6.6,20,30
BANANA,DRY,HUMID,SUNNY,8.1,20,30
BANANA,DRY,HUMID,RAINY,0.3,20,30
BANANA,DRY,HUMID,NORMAL,7.68,30,40
BANANA,DRY,HUMID,SUNNY,8.18,30,40
BANANA,DRY,HUMID,RAINY,0.8,30,40
BANANA,DRY,HUMID,NORMAL,8.65,40,50
BANANA,DRY,HUMID,SUNNY,10.15,40,50
BANANA,DRY,HUMID,RAINY,0.65,40,50
BANANA,HUMID,DESERT,NORMAL,6.695,10,20
BANANA,HUMID,DESERT,SUNNY,8.2,10,20
BANANA,HUMID,DESERT,RAINY,0.6,10,20
BANANA,HUMID,DESERT,NORMAL,7.695,20,30
BANANA,HUMID,DESERT,SUNNY,9.2,20,30
BANANA,HUMID,DESERT,RAINY,0.8,20,30
BANANA,HUMID,DESERT,NORMAL,8.7,30,40
BANANA,HUMID,DESERT,SUNNY,10.2,30,40
BANANA,HUMID,DESERT,RAINY,0.7,30,40
BANANA,HUMID,DESERT,NORMAL,9.5,40,50
BANANA,HUMID,DESERT,SUNNY,11.0,40,50
BANANA,HUMID,DESERT,RAINY,1.5,40,50
BANANA,HUMID,SEMI ARID,NORMAL,5.92,10,20
BANANA,HUMID,SEMI ARID,SUNNY,7.42,10,20
BANANA,HUMID,SEMI ARID,RAINY,0.1,10,20
BANANA,HUMID,SEMI ARID,NORMAL,6.92,20,30
BANANA,HUMID,SEMI ARID,SUNNY,8.42,20,30
BANANA,HUMID,SEMI ARID,RAINY,0.5,20,30
BANANA,HUMID,SEMI ARID,NORMAL,7.92,30,40
BANANA,HUMID,SEMI ARID,SUNNY,9.42,30,40
BANANA,HUMID,SEMI ARID,RAINY,0.8,30,40
BANANA,HUMID,SEMI ARID,NORMAL,8.92,40,50
BANANA,HUMID,SEMI ARID,SUNNY,10.42,40,50
BANANA,HUMID,SEMI ARID,RAINY,0.92,40,50
BANANA,HUMID,SEMI HUMID,NORMAL,4.89,10,20
BANANA,HUMID,SEMI HUMID,SUNNY,6.39,10,20
BANANA,HUMID,SEMI HUMID,RAINY,0.1,10,20
BANANA,HUMID,SEMI HUMID,NORMAL,5.6,20,30
BANANA,HUMID,SEMI HUMID,SUNNY,7.1,20,30
BANANA,HUMID,SEMI HUMID,RAINY,0.2,20,30
BANANA,HUMID,SEMI HUMID,NORMAL,6.5,30,40
BANANA,HUMID,SEMI HUMID,SUNNY,8.1,30,40
BANANA,HUMID,SEMI HUMID,RAINY,0.5,30,40
BANANA,HUMID,SEMI HUMID,NORMAL,7.5,40,50
BANANA,HUMID,SEMI HUMID,SUNNY,9.0,40,50
BANANA,HUMID,SEMI HUMID,RAINY,0.8,40,50
BANANA,HUMID,HUMID,NORMAL,3.65,10,20
BANANA,HUMID,HUMID,SUNNY,5.15,10,20
BANANA,HUMID,HUMID,RAINY,0.1,10,20
BANANA,HUMID,HUMID,NORMAL,4.65,20,30
BANANA,HUMID,HUMID,SUNNY,6.15,20,30
BANANA,HUMID,HUMID,RAINY,0.2,20,30
BANANA,HUMID,HUMID,NORMAL,5.0,30,40
BANANA,HUMID,HUMID,SUNNY,6.5,30,40
BANANA,HUMID,HUMID,RAINY,0.3,30,40
BANANA,HUMID,HUMID,NORMAL,5.15,40,50
BANANA,HUMID,HUMID,SUNNY,6.65,40,50
BANANA,HUMID,HUMID,RAINY,0.2,40,50
BANANA,WET,DESERT,NORMAL,5.15,10,20
BANANA,WET,DESERT,SUNNY,6.65,10,20
BANANA,WET,DESERT,RAINY,0.2,10,20
BANANA,WET,DESERT,NORMAL,6.15,20,30
BANANA,WET,DESERT,SUNNY,7.65,20,30
BANANA,WET,DESERT,RAINY,0.3,20,30
BANANA,WET,DESERT,NORMAL,7.15,30,40
BANANA,WET,DESERT,SUNNY,8.65,30,40
BANANA,WET,DESERT,RAINY,0.8,30,40
BANANA,WET,DESERT,NORMAL,8.15,40,50
BANANA,WET,DESERT,SUNNY,9.65,40,50
BANANA,WET,DESERT,RAINY,0.15,40,50
BANANA,WET,SEMI ARID,NORMAL,4.37,10,20
BANANA,WET,SEMI ARID,SUNNY,5.87,10,20
BANANA,WET,SEMI ARID,RAINY,0.1,10,20
BANANA,WET,SEMI ARID,NORMAL,5.3,20,30
BANANA,WET,SEMI ARID,SUNNY,6.8,20,30
BANANA,WET,SEMI ARID,RAINY,0.2,20,30
BANANA,WET,SEMI ARID,NORMAL,6.3,30,40
BANANA,WET,SEMI ARID,SUNNY,7.8,30,40
BANANA,WET,SEMI ARID,RAINY,0.3,30,40
BANANA,WET,SEMI ARID,NORMAL,7.2,40,50
BANANA,WET,SEMI ARID,SUNNY,8.7,40,50
BANANA,WET,SEMI ARID,RAINY,0.8,40,50
BANANA,WET,SEMI HUMID,NORMAL,3.345,10,20
BANANA,WET,SEMI HUMID,SUNNY,4.85,10,20
BANANA,WET,SEMI HUMID,RAINY,0.1,10,20
BANANA,WET,SEMI HUMID,NORMAL,4.4,20,30
BANANA,WET,SEMI HUMID,SUNNY,5.9,20,30
BANANA,WET,SEMI HUMID,RAINY,0.1,20,30
BANANA,WET,SEMI HUMID,NORMAL,5.54,30,40
BANANA,WET,SEMI HUMID,SUNNY,7.04,30,40
BANANA,WET,SEMI HUMID,RAINY,0.2,30,40
BANANA,WET,SEMI HUMID,NORMAL,6.52,40,50
BANANA,WET,SEMI HUMID,SUNNY,8.02,40,50
BANANA,WET,SEMI HUMID,RAINY,0.3,40,50
BANANA,WET,HUMID,NORMAL,2.06,10,20
BANANA,WET,HUMID,SUNNY,3.56,10,20
BANANA,WET,HUMID,RAINY,0.1,10,20
BANANA,WET,HUMID,NORMAL,3.0,20,30
BANANA,WET,HUMID,SUNNY,4.5,20,30
BANANA,WET,HUMID,RAINY,0.1,20,30
BANANA,WET,HUMID,NORMAL,4.1,30,40
BANANA,WET,HUMID,SUNNY,5.6,30,40
BANANA,WET,HUMID,RAINY,0.1,30,40
BANANA,WET,HUMID,NORMAL,5.15,40,50
BANANA,WET,HUMID,SUNNY,6.65,40,50
BANANA,WET,HUMID,RAINY,0.2,40,50
SOYABEAN,DRY,DESERT,NORMAL,6.97,10,20
SOYABEAN,DRY,DESERT,SUNNY,8.47,10,20
SOYABEAN,DRY,DESERT,RAINY,0.2,10,20
SOYABEAN,DRY,DESERT,NORMAL,7.9,20,30
SOYABEAN,DRY,DESERT,SUNNY,9.4,20,30
SOYABEAN,DRY,DESERT,RAINY,0.8,20,30
SOYABEAN,DRY,DESERT,NORMAL,8.8,30,40
SOYABEAN,DRY,DESERT,SUNNY,10.3,30,40
SOYABEAN,DRY,DESERT,RAINY,0.8,30,40
SOYABEAN,DRY,DESERT,NORMAL,9.95,40,50
SOYABEAN,DRY,DESERT,SUNNY,11.45,40,50
SOYABEAN,DRY,DESERT,RAINY,1.95,40,50
SOYABEAN,DRY,SEMI ARID,NORMAL,7.98,10,20
SOYABEAN,DRY,SEMI ARID,SUNNY,9.48,10,20
SOYABEAN,DRY,SEMI ARID,RAINY,0.8,10,20
SOYABEAN,DRY,SEMI ARID,NORMAL,8.6,20,30
SOYABEAN,DRY,SEMI ARID,SUNNY,10.1,20,30
SOYABEAN,DRY,SEMI ARID,RAINY,0.6,20,30
SOYABEAN,DRY,SEMI ARID,NORMAL,9.8,30,40
SOYABEAN,DRY,SEMI ARID,SUNNY,11.3,30,40
SOYABEAN,DRY,SEMI ARID,RAINY,1.8,30,40
SOYABEAN,DRY,SEMI ARID,NORMAL,10.95,40,50
SOYABEAN,DRY,SEMI ARID,SUNNY,12.45,40,50
SOYABEAN,DRY,SEMI ARID,RAINY,2.8,40,50
SOYABEAN,DRY,SEMI HUMID,NORMAL,5.53,10,20
SOYABEAN,DRY,SEMI HUMID,SUNNY,7.03,10,20
SOYABEAN,DRY,SEMI HUMID,RAINY,0.1,10,20
SOYABEAN,DRY,SEMI HUMID,NORMAL,6.5,20,30
SOYABEAN,DRY,SEMI HUMID,SUNNY,8.0,20,30
SOYABEAN,DRY,SEMI HUMID,RAINY,0.5,20,30
SOYABEAN,DRY,SEMI HUMID,NORMAL,7.6,30,40
SOYABEAN,DRY,SEMI HUMID,SUNNY,9.0,30,40
SOYABEAN,DRY,SEMI HUMID,RAINY,0.8,30,40
SOYABEAN,DRY,SEMI HUMID,NORMAL,8.55,40,50
SOYABEAN,DRY,SEMI HUMID,SUNNY,10.05,40,50
SOYABEAN,DRY,SEMI HUMID,RAINY,0.55,40,50
SOYABEAN,DRY,HUMID,NORMAL,4.51,10,20
SOYABEAN,DRY,HUMID,SUNNY,6.01,10,20
SOYABEAN,DRY,HUMID,RAINY,0.1,10,20
SOYABEAN,DRY,HUMID,NORMAL,5.5,20,30
SOYABEAN,DRY,HUMID,SUNNY,7.0,20,30
SOYABEAN,DRY,HUMID,RAINY,0.2,20,30
SOYABEAN,DRY,HUMID,NORMAL,6.5,30,40
SOYABEAN,DRY,HUMID,SUNNY,8.0,30,40
SOYABEAN,DRY,HUMID,RAINY,0.2,30,40
SOYABEAN,DRY,HUMID,NORMAL,7.8,40,50
SOYABEAN,DRY,HUMID,SUNNY,9.3,40,50
SOYABEAN,DRY,HUMID,RAINY,0.8,40,50
SOYABEAN,HUMID,DESERT,NORMAL,5.33,10,20
SOYABEAN,HUMID,DESERT,SUNNY,6.83,10,20
SOYABEAN,HUMID,DESERT,RAINY,0.5,10,20
SOYABEAN,HUMID,DESERT,NORMAL,6.2,20,30
SOYABEAN,HUMID,DESERT,SUNNY,7.7,20,30
SOYABEAN,HUMID,DESERT,RAINY,0.8,20,30
SOYABEAN,HUMID,DESERT,NORMAL,7.4,30,40
SOYABEAN,HUMID,DESERT,SUNNY,8.9,30,40
SOYABEAN,HUMID,DESERT,RAINY,0.8,30,40
SOYABEAN,HUMID,DESERT,NORMAL,8.34,40,50
SOYABEAN,HUMID,DESERT,SUNNY,9.85,40,50
SOYABEAN,HUMID,DESERT,RAINY,0.34,40,50
SOYABEAN,HUMID,SEMI ARID,NORMAL,4.71,10,20
SOYABEAN,HUMID,SEMI ARID,SUNNY,6.21,10,20
SOYABEAN,HUMID,SEMI ARID,RAINY,0.1,10,20
SOYABEAN,HUMID,SEMI ARID,NORMAL,5.8,20,30
SOYABEAN,HUMID,SEMI ARID,SUNNY,7.3,20,30
SOYABEAN,HUMID,SEMI ARID,RAINY,0.2,20,30
SOYABEAN,HUMID,SEMI ARID,NORMAL,6.6,30,40
SOYABEAN,HUMID,SEMI ARID,SUNNY,8.1,30,40
SOYABEAN,HUMID,SEMI ARID,RAINY,0.5,30,40
SOYABEAN,HUMID,SEMI ARID,NORMAL,7.9,40,50
SOYABEAN,HUMID,SEMI ARID,SUNNY,9.4,40,50
SOYABEAN,HUMID,SEMI ARID,RAINY,0.6,40,50
SOYABEAN,HUMID,SEMI HUMID,NORMAL,3.9,10,20
SOYABEAN,HUMID,SEMI HUMID,SUNNY,5.4,10,20
SOYABEAN,HUMID,SEMI HUMID,RAINY,0.1,10,20
SOYABEAN,HUMID,SEMI HUMID,NORMAL,4.9,20,30
SOYABEAN,HUMID,SEMI HUMID,SUNNY,6.4,20,30
SOYABEAN,HUMID,SEMI HUMID,RAINY,0.1,20,30
SOYABEAN,HUMID,SEMI HUMID,NORMAL,5.8,30,40
SOYABEAN,HUMID,SEMI HUMID,SUNNY,7.3,30,40
SOYABEAN,HUMID,SEMI HUMID,RAINY,0.3,30,40
SOYABEAN,HUMID,SEMI HUMID,NORMAL,6.7,40,50
SOYABEAN,HUMID,SEMI HUMID,SUNNY,8.2,40,50
SOYABEAN,HUMID,SEMI HUMID,RAINY,0.4,40,50
SOYABEAN,HUMID,HUMID,NORMAL,2.8,10,20
SOYABEAN,HUMID,HUMID,SUNNY,4.3,10,20
SOYABEAN,HUMID,HUMID,RAINY,0.1,10,20
SOYABEAN,HUMID,HUMID,NORMAL,3.7,20,30
SOYABEAN,HUMID,HUMID,SUNNY,5.2,20,30
SOYABEAN,HUMID,HUMID,RAINY,0.1,20,30
SOYABEAN,HUMID,HUMID,NORMAL,4.9,30,40
SOYABEAN,HUMID,HUMID,SUNNY,6.4,30,40
SOYABEAN,HUMID,HUMID,RAINY,0.5,30,40
SOYABEAN,HUMID,HUMID,NORMAL,5.8,40,50
SOYABEAN,HUMID,HUMID,SUNNY,7.3,40,50
SOYABEAN,HUMID,HUMID,RAINY,0.3,40,50
SOYABEAN,WET,DESERT,NORMAL,4.1,10,20
SOYABEAN,WET,DESERT,SUNNY,5.6,10,20
SOYABEAN,WET,DESERT,RAINY,0.1,10,20
SOYABEAN,WET,DESERT,NORMAL,5.1,20,30
SOYABEAN,WET,DESERT,SUNNY,6.6,20,30
SOYABEAN,WET,DESERT,RAINY,0.4,20,30
SOYABEAN,WET,DESERT,NORMAL,6.2,30,40
SOYABEAN,WET,DESERT,SUNNY,7.7,30,40
SOYABEAN,WET,DESERT,RAINY,0.5,30,40
SOYABEAN,WET,DESERT,NORMAL,7.3,40,50
SOYABEAN,WET,DESERT,SUNNY,8.8,40,50
SOYABEAN,WET,DESERT,RAINY,0.8,40,50
SOYABEAN,WET,SEMI ARID,NORMAL,3.5,10,20
SOYABEAN,WET,SEMI ARID,SUNNY,5.0,10,20
SOYABEAN,WET,SEMI ARID,RAINY,0.1,10,20
SOYABEAN,WET,SEMI ARID,NORMAL,4.6,20,30
SOYABEAN,WET,SEMI ARID,SUNNY,6.1,20,30
SOYABEAN,WET,SEMI ARID,RAINY,0.2,20,30
SOYABEAN,WET,SEMI ARID,NORMAL,5.7,30,40
SOYABEAN,WET,SEMI ARID,SUNNY,7.2,30,40
SOYABEAN,WET,SEMI ARID,RAINY,0.3,30,40
SOYABEAN,WET,SEMI ARID,NORMAL,6.6,40,50
SOYABEAN,WET,SEMI ARID,SUNNY,8.1,40,50
SOYABEAN,WET,SEMI ARID,RAINY,0.5,40,50
SOYABEAN,WET,SEMI HUMID,NORMAL,2.6,10,20
SOYABEAN,WET,SEMI HUMID,SUNNY,4.1,10,20
SOYABEAN,WET,SEMI HUMID,RAINY,0.1,10,20
SOYABEAN,WET,SEMI HUMID,NORMAL,3.6,20,30
SOYABEAN,WET,SEMI HUMID,SUNNY,5.1,20,30
SOYABEAN,WET,SEMI HUMID,RAINY,0.1,20,30
SOYABEAN,WET,SEMI HUMID,NORMAL,4.7,30,40
SOYABEAN,WET,SEMI HUMID,SUNNY,6.2,30,40
SOYABEAN,WET,SEMI HUMID,RAINY,0.1,30,40
SOYABEAN,WET,SEMI HUMID,NORMAL,5.6,40,50
SOYABEAN,WET,SEMI HUMID,SUNNY,7.1,40,50
SOYABEAN,WET,SEMI HUMID,RAINY,0.3,40,50
SOYABEAN,WET,HUMID,NORMAL,1.64,10,20
SOYABEAN,WET,HUMID,SUNNY,3.14,10,20
SOYABEAN,WET,HUMID,RAINY,0.1,10,20
SOYABEAN,WET,HUMID,NORMAL,2.6,20,30
SOYABEAN,WET,HUMID,SUNNY,4.1,20,30
SOYABEAN,WET,HUMID,RAINY,0.1,20,30
SOYABEAN,WET,HUMID,NORMAL,3.7,30,40
SOYABEAN,WET,HUMID,SUNNY,5.2,30,40
SOYABEAN,WET,HUMID,RAINY,0.1,30,40
SOYABEAN,WET,HUMID,NORMAL,4.6,40,50
SOYABEAN,WET,HUMID,SUNNY,6.1,40,50
SOYABEAN,WET,HUMID,RAINY,0.1,40,50
CABBAGE,DRY,DESERT,NORMAL,5.5,10,20
CABBAGE,DRY,DESERT,SUNNY,7.0,10,20
CABBAGE,DRY,DESERT,RAINY,0.2,10,20
CABBAGE,DRY,DESERT,NORMAL,6.5,20,30
CABBAGE,DRY,DESERT,SUNNY,8.0,20,30
CABBAGE,DRY,DESERT,RAINY,0.5,20,30
CABBAGE,DRY,DESERT,NORMAL,7.0,30,40
CABBAGE,DRY,DESERT,SUNNY,8.5,30,40
CABBAGE,DRY,DESERT,RAINY,0.8,30,40
CABBAGE,DRY,DESERT,NORMAL,8.6,40,50
CABBAGE,DRY,DESERT,SUNNY,10.1,40,50
CABBAGE,DRY,DESERT,RAINY,0.6,40,50
CABBAGE,DRY,SEMI ARID,NORMAL,5.05,10,20
CABBAGE,DRY,SEMI ARID,SUNNY,6.55,10,20
CABBAGE,DRY,SEMI ARID,RAINY,0.5,10,20
CABBAGE,DRY,SEMI ARID,NORMAL,6.0,20,30
CABBAGE,DRY,SEMI ARID,SUNNY,7.5,20,30
CABBAGE,DRY,SEMI ARID,RAINY,0.5,20,30
CABBAGE,DRY,SEMI ARID,NORMAL,7.1,30,40
CABBAGE,DRY,SEMI ARID,SUNNY,8.6,30,40
CABBAGE,DRY,SEMI ARID,RAINY,0.8,30,40
CABBAGE,DRY,SEMI ARID,NORMAL,8.0,40,50
CABBAGE,DRY,SEMI ARID,SUNNY,9.5,40,50
CABBAGE,DRY,SEMI ARID,RAINY,0.8,40,50
CABBAGE,DRY,SEMI HUMID,NORMAL,4.4,10,20
CABBAGE,DRY,SEMI HUMID,SUNNY,5.9,10,20
CABBAGE,DRY,SEMI HUMID,RAINY,0.2,10,20
CABBAGE,DRY,SEMI HUMID,NORMAL,5.3,20,30
CABBAGE,DRY,SEMI HUMID,SUNNY,6.8,20,30
CABBAGE,DRY,SEMI HUMID,RAINY,0.3,20,30
CABBAGE,DRY,SEMI HUMID,NORMAL,6.2,30,40
CABBAGE,DRY,SEMI HUMID,SUNNY,7.7,30,40
CABBAGE,DRY,SEMI HUMID,RAINY,0.5,30,40
CABBAGE,DRY,SEMI HUMID,NORMAL,7.5,40,50
CABBAGE,DRY,SEMI HUMID,SUNNY,9.0,40,50
CABBAGE,DRY,SEMI HUMID,RAINY,0.8,40,50
CABBAGE,DRY,HUMID,NORMAL,3.6,10,20
CABBAGE,DRY,HUMID,SUNNY,5.1,10,20
CABBAGE,DRY,HUMID,RAINY,0.1,10,20
CABBAGE,DRY,HUMID,NORMAL,4.5,20,30
CABBAGE,DRY,HUMID,SUNNY,6.0,20,30
CABBAGE,DRY,HUMID,RAINY,0.2,20,30
CABBAGE,DRY,HUMID,NORMAL,5.6,30,40
CABBAGE,DRY,HUMID,SUNNY,7.1,30,40
CABBAGE,DRY,HUMID,RAINY,0.2,30,40
CABBAGE,DRY,HUMID,NORMAL,6.6,40,50
CABBAGE,DRY,HUMID,SUNNY,8.1,40,50
CABBAGE,DRY,HUMID,RAINY,0.5,40,50
CABBAGE,HUMID,DESERT,NORMAL,4.2,10,20
CABBAGE,HUMID,DESERT,SUNNY,5.7,10,20
CABBAGE,HUMID,DESERT,RAINY,0.2,10,20
CABBAGE,HUMID,DESERT,NORMAL,5.3,20,30
CABBAGE,HUMID,DESERT,SUNNY,6.8,20,30
CABBAGE,HUMID,DESERT,RAINY,0.3,20,30
CABBAGE,HUMID,DESERT,NORMAL,6.2,30,40
CABBAGE,HUMID,DESERT,SUNNY,7.7,30,40
CABBAGE,HUMID,DESERT,RAINY,0.5,30,40
CABBAGE,HUMID,DESERT,NORMAL,7.4,40,50
CABBAGE,HUMID,DESERT,SUNNY,8.9,40,50
CABBAGE,HUMID,DESERT,RAINY,0.8,40,50
CABBAGE,HUMID,SEMI ARID,NORMAL,3.7,10,20
CABBAGE,HUMID,SEMI ARID,SUNNY,5.2,10,20
CABBAGE,HUMID,SEMI ARID,RAINY,0.1,10,20
CABBAGE,HUMID,SEMI ARID,NORMAL,4.6,20,30
CABBAGE,HUMID,SEMI ARID,SUNNY,6.1,20,30
CABBAGE,HUMID,SEMI ARID,RAINY,0.2,20,30
CABBAGE,HUMID,SEMI ARID,NORMAL,5.5,30,40
CABBAGE,HUMID,SEMI ARID,SUNNY,7.0,30,40
CABBAGE,HUMID,SEMI ARID,RAINY,0.3,30,40
CABBAGE,HUMID,SEMI ARID,NORMAL,6.6,40,50
CABBAGE,HUMID,SEMI ARID,SUNNY,8.1,40,50
CABBAGE,HUMID,SEMI ARID,RAINY,0.5,40,50
CABBAGE,HUMID,SEMI HUMID,NORMAL,3.1,10,20
CABBAGE,HUMID,SEMI HUMID,SUNNY,4.6,10,20
CABBAGE,HUMID,SEMI HUMID,RAINY,0.1,10,20
CABBAGE,HUMID,SEMI HUMID,NORMAL,4.2,20,30
CABBAGE,HUMID,SEMI HUMID,SUNNY,5.7,20,30
CABBAGE,HUMID,SEMI HUMID,RAINY,0.2,20,30
CABBAGE,HUMID,SEMI HUMID,NORMAL,5.1,30,40
CABBAGE,HUMID,SEMI HUMID,SUNNY,6.6,30,40
CABBAGE,HUMID,SEMI HUMID,RAINY,0.3,30,40
CABBAGE,HUMID,SEMI HUMID,NORMAL,6.0,40,50
CABBAGE,HUMID,SEMI HUMID,SUNNY,7.5,40,50
CABBAGE,HUMID,SEMI HUMID,RAINY,0.5,40,50
CABBAGE,HUMID,HUMID,NORMAL,2.3,10,20
CABBAGE,HUMID,HUMID,SUNNY,3.8,10,20
CABBAGE,HUMID,HUMID,RAINY,0.1,10,20
CABBAGE,HUMID,HUMID,NORMAL,3.33,20,30
CABBAGE,HUMID,HUMID,SUNNY,4.8,20,30
CABBAGE,HUMID,HUMID,RAINY,0.1,20,30
CABBAGE,HUMID,HUMID,NORMAL,4.33,30,40
CABBAGE,HUMID,HUMID,SUNNY,5.8,30,40
CABBAGE,HUMID,HUMID,RAINY,0.2,30,40
CABBAGE,HUMID,HUMID,NORMAL,5.33,40,50
CABBAGE,HUMID,HUMID,SUNNY,6.8,40,50
CABBAGE,HUMID,HUMID,RAINY,0.3,40,50
CABBAGE,WET,DESERT,NORMAL,3.33,10,20
CABBAGE,WET,DESERT,SUNNY,4.8,10,20
CABBAGE,WET,DESERT,RAINY,0.1,10,20
CABBAGE,WET,DESERT,NORMAL,4.33,20,30
CABBAGE,WET,DESERT,SUNNY,5.8,20,30
CABBAGE,WET,DESERT,RAINY,0.2,20,30
CABBAGE,WET,DESERT,NORMAL,5.33,30,40
CABBAGE,WET,DESERT,SUNNY,6.8,30,40
CABBAGE,WET,DESERT,RAINY,0.3,30,40
CABBAGE,WET,DESERT,NORMAL,6.33,40,50
CABBAGE,WET,DESERT,SUNNY,7.8,40,50
CABBAGE,WET,DESERT,RAINY,0.5,40,50
CABBAGE,WET,SEMI ARID,NORMAL,2.83,10,20
CABBAGE,WET,SEMI ARID,SUNNY,4.33,10,20
CABBAGE,WET,SEMI ARID,RAINY,0.1,10,20
CABBAGE,WET,SEMI ARID,NORMAL,3.83,20,30
CABBAGE,WET,SEMI ARID,SUNNY,5.33,20,30
CABBAGE,WET,SEMI ARID,RAINY,0.1,20,30
CABBAGE,WET,SEMI ARID,NORMAL,4.83,30,40
CABBAGE,WET,SEMI ARID,SUNNY,6.33,30,40
CABBAGE,WET,SEMI ARID,RAINY,0.2,30,40
CABBAGE,WET,SEMI ARID,NORMAL,5.83,40,50
CABBAGE,WET,SEMI ARID,SUNNY,7.33,40,50
CABBAGE,WET,SEMI ARID,RAINY,0.3,40,50
CABBAGE,WET,SEMI HUMID,NORMAL,2.16,10,20
CABBAGE,WET,SEMI HUMID,SUNNY,3.66,10,20
CABBAGE,WET,SEMI HUMID,RAINY,0.1,10,20
CABBAGE,WET,SEMI HUMID,NORMAL,3.16,20,30
CABBAGE,WET,SEMI HUMID,SUNNY,4.66,20,30
CABBAGE,WET,SEMI HUMID,RAINY,0.1,20,30
CABBAGE,WET,SEMI HUMID,NORMAL,4.16,30,40
CABBAGE,WET,SEMI HUMID,SUNNY,5.66,30,40
CABBAGE,WET,SEMI HUMID,RAINY,0.2,30,40
CABBAGE,WET,SEMI HUMID,NORMAL,5.16,40,50
CABBAGE,WET,SEMI HUMID,SUNNY,6.66,40,50
CABBAGE,WET,SEMI HUMID,RAINY,0.3,40,50
CABBAGE,WET,HUMID,NORMAL,1.33,10,20
CABBAGE,WET,HUMID,SUNNY,2.83,10,20
CABBAGE,WET,HUMID,RAINY,0.1,10,20
CABBAGE,WET,HUMID,NORMAL,2.33,20,30
CABBAGE,WET,HUMID,SUNNY,3.83,20,30
CABBAGE,WET,HUMID,RAINY,0.1,20,30
CABBAGE,WET,HUMID,NORMAL,3.33,30,40
CABBAGE,WET,HUMID,SUNNY,4.83,30,40
CABBAGE,WET,HUMID,RAINY,0.1,30,40
CABBAGE,WET,HUMID,NORMAL,4.33,40,50
CABBAGE,WET,HUMID,SUNNY,5.83,40,50
CABBAGE,WET,HUMID,RAINY,0.2,40,50
POTATO,DRY,DESERT,NORMAL,8.5,10,20
POTATO,DRY,DESERT,SUNNY,10.0,10,20
POTATO,DRY,DESERT,RAINY,0.5,10,20
POTATO,DRY,DESERT,NORMAL,9.5,20,30
POTATO,DRY,DESERT,SUNNY,11.0,20,30
POTATO,DRY,DESERT,RAINY,1.5,20,30
POTATO,DRY,DESERT,NORMAL,10.7,30,40
POTATO,DRY,DESERT,SUNNY,12.2,30,40
POTATO,DRY,DESERT,RAINY,2.7,30,40
POTATO,DRY,DESERT,NORMAL,11.6,40,50
POTATO,DRY,DESERT,SUNNY,13.1,40,50
POTATO,DRY,DESERT,RAINY,3.6,40,50
POTATO,DRY,SEMI ARID,NORMAL,7.8,10,20
POTATO,DRY,SEMI ARID,SUNNY,9.3,10,20
POTATO,DRY,SEMI ARID,RAINY,0.8,10,20
POTATO,DRY,SEMI ARID,NORMAL,8.8,20,30
POTATO,DRY,SEMI ARID,SUNNY,10.3,20,30
POTATO,DRY,SEMI ARID,RAINY,0.8,20,30
POTATO,DRY,SEMI ARID,NORMAL,9.8,30,40
POTATO,DRY,SEMI ARID,SUNNY,11.3,30,40
POTATO,DRY,SEMI ARID,RAINY,1.8,30,40
POTATO,DRY,SEMI ARID,NORMAL,10.9,40,50
POTATO,DRY,SEMI ARID,SUNNY,12.4,40,50
POTATO,DRY,SEMI ARID,RAINY,2.9,40,50
POTATO,DRY,SEMI HUMID,NORMAL,6.75,10,20
POTATO,DRY,SEMI HUMID,SUNNY,8.25,10,20
POTATO,DRY,SEMI HUMID,RAINY,0.25,10,20
POTATO,DRY,SEMI HUMID,NORMAL,7.75,20,30
POTATO,DRY,SEMI HUMID,SUNNY,9.25,20,30
POTATO,DRY,SEMI HUMID,RAINY,0.8,20,30
POTATO,DRY,SEMI HUMID,NORMAL,8.8,30,40
POTATO,DRY,SEMI HUMID,SUNNY,10.3,30,40
POTATO,DRY,SEMI HUMID,RAINY,0.8,30,40
POTATO,DRY,SEMI HUMID,NORMAL,9.75,40,50
POTATO,DRY,SEMI HUMID,SUNNY,11.25,40,50
POTATO,DRY,SEMI HUMID,RAINY,1.75,40,50
POTATO,DRY,HUMID,NORMAL,5.45,10,20
POTATO,DRY,HUMID,SUNNY,6.95,10,20
POTATO,DRY,HUMID,RAINY,0.3,10,20
POTATO,DRY,HUMID,NORMAL,6.5,20,30
POTATO,DRY,HUMID,SUNNY,8.0,20,30
POTATO,DRY,HUMID,RAINY,0.5,20,30
POTATO,DRY,HUMID,NORMAL,7.6,30,40
POTATO,DRY,HUMID,SUNNY,9.1,30,40
POTATO,DRY,HUMID,RAINY,0.8,30,40
POTATO,DRY,HUMID,NORMAL,8.5,40,50
POTATO,DRY,HUMID,SUNNY,10.0,40,50
POTATO,DRY,HUMID,RAINY,0.5,40,50
POTATO,HUMID,DESERT,NORMAL,6.7,10,20
POTATO,HUMID,DESERT,SUNNY,8.2,10,20
POTATO,HUMID,DESERT,RAINY,0.5,10,20
POTATO,HUMID,DESERT,NORMAL,7.7,20,30
POTATO,HUMID,DESERT,SUNNY,9.2,20,30
POTATO,HUMID,DESERT,RAINY,0.8,20,30
POTATO,HUMID,DESERT,NORMAL,8.7,30,40
POTATO,HUMID,DESERT,SUNNY,10.2,30,40
POTATO,HUMID,DESERT,RAINY,0.7,30,40
POTATO,HUMID,DESERT,NORMAL,9.5,40,50
POTATO,HUMID,DESERT,SUNNY,11.0,40,50
POTATO,HUMID,DESERT,RAINY,1.5,40,50
POTATO,HUMID,SEMI ARID,NORMAL,5.62,10,20
POTATO,HUMID,SEMI ARID,SUNNY,7.12,10,20
POTATO,HUMID,SEMI ARID,RAINY,0.3,10,20
POTATO,HUMID,SEMI ARID,NORMAL,6.62,20,30
POTATO,HUMID,SEMI ARID,SUNNY,8.12,20,30
POTATO,HUMID,SEMI ARID,RAINY,0.5,20,30
POTATO,HUMID,SEMI ARID,NORMAL,7.7,30,40
POTATO,HUMID,SEMI ARID,SUNNY,9.2,30,40
POTATO,HUMID,SEMI ARID,RAINY,0.8,30,40
POTATO,HUMID,SEMI ARID,NORMAL,8.6,40,50
POTATO,HUMID,SEMI ARID,SUNNY,10.1,40,50
POTATO,HUMID,SEMI ARID,RAINY,2.1,40,50
POTATO,HUMID,SEMI HUMID,NORMAL,4.6,10,20
POTATO,HUMID,SEMI HUMID,SUNNY,6.1,10,20
POTATO,HUMID,SEMI HUMID,RAINY,0.2,10,20
POTATO,HUMID,SEMI HUMID,NORMAL,5.5,20,30
POTATO,HUMID,SEMI HUMID,SUNNY,7.0,20,30
POTATO,HUMID,SEMI HUMID,RAINY,0.3,20,30
POTATO,HUMID,SEMI HUMID,NORMAL,6.5,30,40
POTATO,HUMID,SEMI HUMID,SUNNY,8.0,30,40
POTATO,HUMID,SEMI HUMID,RAINY,0.5,30,40
POTATO,HUMID,SEMI HUMID,NORMAL,7.5,40,50
POTATO,HUMID,SEMI HUMID,SUNNY,9.0,40,50
POTATO,HUMID,SEMI HUMID,RAINY,0.8,40,50
POTATO,HUMID,HUMID,NORMAL,3.65,10,20
POTATO,HUMID,HUMID,SUNNY,5.15,10,20
POTATO,HUMID,HUMID,RAINY,0.1,10,20
POTATO,HUMID,HUMID,NORMAL,4.65,20,30
POTATO,HUMID,HUMID,SUNNY,6.15,20,30
POTATO,HUMID,HUMID,RAINY,0.2,20,30
POTATO,HUMID,HUMID,NORMAL,5.0,30,40
POTATO,HUMID,HUMID,SUNNY,6.5,30,40
POTATO,HUMID,HUMID,RAINY,0.3,30,40
POTATO,HUMID,HUMID,NORMAL,5.15,40,50
POTATO,HUMID,HUMID,SUNNY,6.95,40,50
POTATO,HUMID,HUMID,RAINY,0.3,40,50
POTATO,WET,DESERT,NORMAL,5.15,10,20
POTATO,WET,DESERT,SUNNY,6.95,10,20
POTATO,WET,DESERT,RAINY,0.3,10,20
POTATO,WET,DESERT,NORMAL,6.15,20,30
POTATO,WET,DESERT,SUNNY,7.65,20,30
POTATO,WET,DESERT,RAINY,0.5,20,30
POTATO,WET,DESERT,NORMAL,7.15,30,40
POTATO,WET,DESERT,SUNNY,8.65,30,40
POTATO,WET,DESERT,RAINY,0.8,30,40
POTATO,WET,DESERT,NORMAL,8.15,40,50
POTATO,WET,DESERT,SUNNY,9.65,40,50
POTATO,WET,DESERT,RAINY,0.15,40,50
POTATO,WET,SEMI ARID,NORMAL,4.37,10,20
POTATO,WET,SEMI ARID,SUNNY,5.87,10,20
POTATO,WET,SEMI ARID,RAINY,0.2,10,20
POTATO,WET,SEMI ARID,NORMAL,5.3,20,30
POTATO,WET,SEMI ARID,SUNNY,6.8,20,30
POTATO,WET,SEMI ARID,RAINY,0.3,20,30
POTATO,WET,SEMI ARID,NORMAL,6.3,30,40
POTATO,WET,SEMI ARID,SUNNY,7.8,30,40
POTATO,WET,SEMI ARID,RAINY,0.5,30,40
POTATO,WET,SEMI ARID,NORMAL,7.2,40,50
POTATO,WET,SEMI ARID,SUNNY,8.7,40,50
POTATO,WET,SEMI ARID,RAINY,0.8,40,50
POTATO,WET,SEMI HUMID,NORMAL,3.345,10,20
POTATO,WET,SEMI HUMID,SUNNY,4.845,10,20
POTATO,WET,SEMI HUMID,RAINY,0.1,10,20
POTATO,WET,SEMI HUMID,NORMAL,4.4,20,30
POTATO,WET,SEMI HUMID,SUNNY,5.9,20,30
POTATO,WET,SEMI HUMID,RAINY,0.2,20,30
POTATO,WET,SEMI HUMID,NORMAL,5.54,30,40
POTATO,WET,SEMI HUMID,SUNNY,7.04,30,40
POTATO,WET,SEMI HUMID,RAINY,0.3,30,40
POTATO,WET,SEMI HUMID,NORMAL,6.52,40,50
POTATO,WET,SEMI HUMID,SUNNY,8.02,40,50
POTATO,WET,SEMI HUMID,RAINY,0.5,40,50
POTATO,WET,HUMID,NORMAL,2.06,10,20
POTATO,WET,HUMID,SUNNY,3.56,10,20
POTATO,WET,HUMID,RAINY,0.1,10,20
POTATO,WET,HUMID,NORMAL,3.0,20,30
POTATO,WET,HUMID,SUNNY,4.5,20,30
POTATO,WET,HUMID,RAINY,0.1,20,30
POTATO,WET,HUMID,NORMAL,4.1,30,40
POTATO,WET,HUMID,SUNNY,5.6,30,40
POTATO,WET,HUMID,RAINY,0.2,30,40
POTATO,WET,HUMID,NORMAL,5.15,40,50
POTATO,WET,HUMID,SUNNY,6.65,40,50
POTATO,WET,HUMID,RAINY,0.3,40,50
RICE,DRY,DESERT,RAINY,9.0,10,20
RICE,DRY,DESERT,RAINY,10.0,20,30
RICE,DRY,DESERT,RAINY,11.0,30,40
RICE,DRY,DESERT,RAINY,12.0,40,50
RICE,DRY,SEMI ARID,NORMAL,15.5,10,20
RICE,DRY,SEMI ARID,RAINY,7.5,10,20
RICE,DRY,SEMI ARID,RAINY,8.5,20,30
RICE,DRY,SEMI ARID,RAINY,9.5,30,40
RICE,DRY,SEMI ARID,RAINY,10.5,40,50
RICE,DRY,SEMI HUMID,NORMAL,13.5,10,20
RICE,DRY,SEMI HUMID,SUNNY,15.0,10,20
RICE,DRY,SEMI HUMID,RAINY,5.5,10,20
RICE,DRY,SEMI HUMID,NORMAL,14.5,20,30
RICE,DRY,SEMI HUMID,RAINY,6.5,20,30
RICE,DRY,SEMI HUMID,NORMAL,15.5,30,40
RICE,DRY,SEMI HUMID,RAINY,7.5,30,40
RICE,DRY,SEMI HUMID,RAINY,8.5,40,50
RICE,DRY,HUMID,NORMAL,11.0,10,20
RICE,DRY,HUMID,SUNNY,12.5,10,20
RICE,DRY,HUMID,RAINY,3.0,10,20
RICE,DRY,HUMID,NORMAL,12.0,20,30
RICE,DRY,HUMID,SUNNY,13.5,20,30
RICE,DRY,HUMID,RAINY,4.0,20,30
RICE,DRY,HUMID,NORMAL,13.0,30,40
RICE,DRY,HUMID,SUNNY,14.5,30,40
RICE,DRY,HUMID,RAINY,5.0,30,40
RICE,DRY,HUMID,NORMAL,14.0,40,50
RICE,DRY,HUMID,SUNNY,15.5,40,50
RICE,DRY,HUMID,RAINY,6.0,40,50
RICE,HUMID,DESERT,NORMAL,13.0,10,20
RICE,HUMID,DESERT,SUNNY,14.5,10,20
RICE,HUMID,DESERT,RAINY,5.0,10,20
RICE,HUMID,DESERT,NORMAL,14.0,20,30
RICE,HUMID,DESERT,SUNNY,15.5,20,30
RICE,HUMID,DESERT,RAINY,6.0,20,30
RICE,HUMID,DESERT,NORMAL,15.0,30,40
RICE,HUMID,DESERT,RAINY,7.0,30,40
RICE,HUMID,DESERT,RAINY,8.0,40,50
RICE,HUMID,SEMI ARID,NORMAL,11.5,10,20
RICE,HUMID,SEMI ARID,SUNNY,13.0,10,20
RICE,HUMID,SEMI ARID,RAINY,3.5,10,20
RICE,HUMID,SEMI ARID,NORMAL,12.5,20,30
RICE,HUMID,SEMI ARID,SUNNY,14.0,20,30
RICE,HUMID,SEMI ARID,RAINY,4.5,20,30
RICE,HUMID,SEMI ARID,NORMAL,13.5,30,40
RICE,HUMID,SEMI ARID,SUNNY,15.0,30,40
RICE,HUMID,SEMI ARID,RAINY,5.5,30,40
RICE,HUMID,SEMI ARID,NORMAL,14.5,40,50
RICE,HUMID,SEMI ARID,RAINY,6.5,40,50
RICE,HUMID,SEMI HUMID,NORMAL,9.5,10,20
RICE,HUMID,SEMI HUMID,SUNNY,11.0,10,20
RICE,HUMID,SEMI HUMID,RAINY,1.5,10,20
RICE,HUMID,SEMI HUMID,NORMAL,10.5,20,30
RICE,HUMID,SEMI HUMID,SUNNY,12.0,20,30
RICE,HUMID,SEMI HUMID,RAINY,2.5,20,30
RICE,HUMID,SEMI HUMID,NORMAL,11.5,30,40
RICE,HUMID,SEMI HUMID,SUNNY,13.0,30,40
RICE,HUMID,SEMI HUMID,RAINY,3.5,30,40
RICE,HUMID,SEMI HUMID,NORMAL,12.5,40,50
RICE,HUMID,SEMI HUMID,SUNNY,14.0,40,50
RICE,HUMID,SEMI HUMID,RAINY,4.5,40,50
RICE,HUMID,HUMID,NORMAL,7.0,10,20
RICE,HUMID,HUMID,SUNNY,8.5,10,20
RICE,HUMID,HUMID,RAINY,0.8,10,20
RICE,HUMID,HUMID,NORMAL,8.0,20,30
RICE,HUMID,HUMID,SUNNY,9.5,20,30
RICE,HUMID,HUMID,RAINY,0.8,20,30
RICE,HUMID,HUMID,NORMAL,9.0,30,40
RICE,HUMID,HUMID,SUNNY,10.5,30,40
RICE,HUMID,HUMID,RAINY,1.0,30,40
RICE,HUMID,HUMID,NORMAL,10.0,40,50
RICE,HUMID,HUMID,SUNNY,11.5,40,50
RICE,HUMID,HUMID,RAINY,2.0,40,50
RICE,WET,DESERT,NORMAL,10.0,10,20
RICE,WET,DESERT,SUNNY,11.5,10,20
RICE,WET,DESERT,RAINY,2.0,10,20
RICE,WET,DESERT,NORMAL,11.0,20,30
RICE,WET,DESERT,SUNNY,12.5,20,30
RICE,WET,DESERT,RAINY,3.0,20,30
RICE,WET,DESERT,NORMAL,12.0,30,40
RICE,WET,DESERT,SUNNY,13.5,30,40
RICE,WET,DESERT,RAINY,4.0,30,40
RICE,WET,DESERT,NORMAL,13.0,40,50
RICE,WET,DESERT,SUNNY,14.5,40,50
RICE,WET,DESERT,RAINY,5.0,40,50
RICE,WET,SEMI ARID,NORMAL,8.5,10,20
RICE,WET,SEMI ARID,SUNNY,10.0,10,20
RICE,WET,SEMI ARID,RAINY,0.5,10,20
RICE,WET,SEMI ARID,NORMAL,9.5,20,30
RICE,WET,SEMI ARID,SUNNY,11.0,20,30
RICE,WET,SEMI ARID,RAINY,1.5,20,30
RICE,WET,SEMI ARID,NORMAL,10.5,30,40
RICE,WET,SEMI ARID,SUNNY,12.0,30,40
RICE,WET,SEMI ARID,RAINY,2.5,30,40
RICE,WET,SEMI ARID,NORMAL,11.5,40,50
RICE,WET,SEMI ARID,SUNNY,13.0,40,50
RICE,WET,SEMI ARID,RAINY,3.5,40,50
RICE,WET,SEMI HUMID,NORMAL,6.5,10,20
RICE,WET,SEMI HUMID,SUNNY,8.0,10,20
RICE,WET,SEMI HUMID,RAINY,0.5,10,20
RICE,WET,SEMI HUMID,NORMAL,7.5,20,30
RICE,WET,SEMI HUMID,SUNNY,9.0,20,30
RICE,WET,SEMI HUMID,RAINY,0.8,20,30
RICE,WET,SEMI HUMID,NORMAL,8.5,30,40
RICE,WET,SEMI HUMID,SUNNY,10.0,30,40
RICE,WET,SEMI HUMID,RAINY,0.5,30,40
RICE,WET,SEMI HUMID,NORMAL,9.5,40,50
RICE,WET,SEMI HUMID,SUNNY,11.0,40,50
RICE,WET,SEMI HUMID,RAINY,1.5,40,50
RICE,WET,HUMID,NORMAL,4.0,10,20
RICE,WET,HUMID,SUNNY,5.5,10,20
RICE,WET,HUMID,RAINY,0.2,10,20
RICE,WET,HUMID,NORMAL,5.0,20,30
RICE,WET,HUMID,SUNNY,6.5,20,30
RICE,WET,HUMID,RAINY,0.3,20,30
RICE,WET,HUMID,NORMAL,6.0,30,40
RICE,WET,HUMID,SUNNY,7.5,30,40
RICE,WET,HUMID,RAINY,0.5,30,40
RICE,WET,HUMID,NORMAL,7.0,40,50
RICE,WET,HUMID,SUNNY,8.5,40,50
RICE,WET,HUMID,RAINY,0.8,40,50
MELON,DRY,DESERT,NORMAL,6.12,10,20
MELON,DRY,DESERT,SUNNY,7.62,10,20
MELON,DRY,DESERT,RAINY,0.5,10,20
MELON,DRY,DESERT,NORMAL,7.12,20,30
MELON,DRY,DESERT,SUNNY,8.62,20,30
MELON,DRY,DESERT,RAINY,0.8,20,30
MELON,DRY,DESERT,NORMAL,8.12,30,40
MELON,DRY,DESERT,SUNNY,9.62,30,40
MELON,DRY,DESERT,RAINY,0.12,30,40
MELON,DRY,DESERT,NORMAL,9.12,40,50
MELON,DRY,DESERT,SUNNY,10.62,40,50
MELON,DRY,DESERT,RAINY,1.12,40,50
MELON,DRY,SEMI ARID,NORMAL,5.58,10,20
MELON,DRY,SEMI ARID,SUNNY,7.08,10,20
MELON,DRY,SEMI ARID,RAINY,0.3,10,20
MELON,DRY,SEMI ARID,NORMAL,6.58,20,30
MELON,DRY,SEMI ARID,SUNNY,8.08,20,30
MELON,DRY,SEMI ARID,RAINY,0.5,20,30
MELON,DRY,SEMI ARID,NORMAL,7.58,30,40
MELON,DRY,SEMI ARID,SUNNY,9.08,30,40
MELON,DRY,SEMI ARID,RAINY,0.8,30,40
MELON,DRY,SEMI ARID,NORMAL,8.58,40,50
MELON,DRY,SEMI ARID,SUNNY,10.08,40,50
MELON,DRY,SEMI ARID,RAINY,0.58,40,50
MELON,DRY,SEMI HUMID,NORMAL,4.86,10,20
MELON,DRY,SEMI HUMID,SUNNY,6.36,10,20
MELON,DRY,SEMI HUMID,RAINY,0.2,10,20
MELON,DRY,SEMI HUMID,NORMAL,5.86,20,30
MELON,DRY,SEMI HUMID,SUNNY,7.36,20,30
MELON,DRY,SEMI HUMID,RAINY,0.3,20,30
MELON,DRY,SEMI HUMID,NORMAL,6.86,30,40
MELON,DRY,SEMI HUMID,SUNNY,8.36,30,40
MELON,DRY,SEMI HUMID,RAINY,0.5,30,40
MELON,DRY,SEMI HUMID,NORMAL,7.86,40,50
MELON,DRY,SEMI HUMID,SUNNY,9.36,40,50
MELON,DRY,SEMI HUMID,RAINY,0.8,40,50
MELON,DRY,HUMID,NORMAL,3.96,10,20
MELON,DRY,HUMID,SUNNY,5.46,10,20
MELON,DRY,HUMID,RAINY,0.1,10,20
MELON,DRY,HUMID,NORMAL,4.96,20,30
MELON,DRY,HUMID,SUNNY,6.46,20,30
MELON,DRY,HUMID,RAINY,0.2,20,30
MELON,DRY,HUMID,NORMAL,5.96,30,40
MELON,DRY,HUMID,SUNNY,7.46,30,40
MELON,DRY,HUMID,RAINY,0.3,30,40
MELON,DRY,HUMID,NORMAL,6.96,40,50
MELON,DRY,HUMID,SUNNY,8.46,40,50
MELON,DRY,HUMID,RAINY,0.5,40,50
MELON,HUMID,DESERT,NORMAL,4.68,10,20
MELON,HUMID,DESERT,SUNNY,6.18,10,20
MELON,HUMID,DESERT,RAINY,0.2,10,20
MELON,HUMID,DESERT,NORMAL,5.68,20,30
MELON,HUMID,DESERT,SUNNY,7.18,20,30
MELON,HUMID,DESERT,RAINY,0.3,20,30
MELON,HUMID,DESERT,NORMAL,6.68,30,40
MELON,HUMID,DESERT,SUNNY,8.18,30,40
MELON,HUMID,DESERT,RAINY,0.5,30,40
MELON,HUMID,DESERT,NORMAL,7.68,40,50
MELON,HUMID,DESERT,SUNNY,9.18,40,50
MELON,HUMID,DESERT,RAINY,0.8,40,50
MELON,HUMID,SEMI ARID,NORMAL,4.14,10,20
MELON,HUMID,SEMI ARID,SUNNY,5.64,10,20
MELON,HUMID,SEMI ARID,RAINY,0.2,10,20
MELON,HUMID,SEMI ARID,NORMAL,5.14,20,30
MELON,HUMID,SEMI ARID,SUNNY,6.64,20,30
MELON,HUMID,SEMI ARID,RAINY,0.3,20,30
MELON,HUMID,SEMI ARID,NORMAL,6.14,30,40
MELON,HUMID,SEMI ARID,SUNNY,7.64,30,40
MELON,HUMID,SEMI ARID,RAINY,0.5,30,40
MELON,HUMID,SEMI ARID,NORMAL,7.14,40,50
MELON,HUMID,SEMI ARID,SUNNY,8.64,40,50
MELON,HUMID,SEMI ARID,RAINY,0.8,40,50
MELON,HUMID,SEMI HUMID,NORMAL,3.42,10,20
MELON,HUMID,SEMI HUMID,SUNNY,4.92,10,20
MELON,HUMID,SEMI HUMID,RAINY,0.1,10,20
MELON,HUMID,SEMI HUMID,NORMAL,4.42,20,30
MELON,HUMID,SEMI HUMID,SUNNY,5.92,20,30
MELON,HUMID,SEMI HUMID,RAINY,0.2,20,30
MELON,HUMID,SEMI HUMID,NORMAL,5.42,30,40
MELON,HUMID,SEMI HUMID,SUNNY,6.92,30,40
MELON,HUMID,SEMI HUMID,RAINY,0.3,30,40
MELON,HUMID,SEMI HUMID,NORMAL,6.42,40,50
MELON,HUMID,SEMI HUMID,SUNNY,7.92,40,50
MELON,HUMID,SEMI HUMID,RAINY,0.5,40,50
MELON,HUMID,HUMID,NORMAL,2.52,10,20
MELON,HUMID,HUMID,SUNNY,4.02,10,20
MELON,HUMID,HUMID,RAINY,0.1,10,20
MELON,HUMID,HUMID,NORMAL,3.52,20,30
MELON,HUMID,HUMID,SUNNY,5.02,20,30
MELON,HUMID,HUMID,RAINY,0.1,20,30
MELON,HUMID,HUMID,NORMAL,4.52,30,40
MELON,HUMID,HUMID,SUNNY,6.02,30,40
MELON,HUMID,HUMID,RAINY,0.2,30,40
MELON,HUMID,HUMID,NORMAL,5.52,40,50
MELON,HUMID,HUMID,SUNNY,7.02,40,50
MELON,HUMID,HUMID,RAINY,0.3,40,50
MELON,WET,DESERT,NORMAL,3.6,10,20
MELON,WET,DESERT,SUNNY,5.1,10,20
MELON,WET,DESERT,RAINY,0.1,10,20
MELON,WET,DESERT,NORMAL,4.6,20,30
MELON,WET,DESERT,SUNNY,6.1,20,30
MELON,WET,DESERT,RAINY,0.2,20,30
MELON,WET,DESERT,NORMAL,5.6,30,40
MELON,WET,DESERT,SUNNY,7.1,30,40
MELON,WET,DESERT,RAINY,0.3,30,40
MELON,WET,DESERT,NORMAL,6.6,40,50
MELON,WET,DESERT,SUNNY,8.1,40,50
MELON,WET,DESERT,RAINY,0.5,40,50
MELON,WET,SEMI ARID,NORMAL,3.06,10,20
MELON,WET,SEMI ARID,SUNNY,4.56,10,20
MELON,WET,SEMI ARID,RAINY,0.1,10,20
MELON,WET,SEMI ARID,NORMAL,4.06,20,30
MELON,WET,SEMI ARID,SUNNY,5.56,20,30
MELON,WET,SEMI ARID,RAINY,0.2,20,30
MELON,WET,SEMI ARID,NORMAL,5.06,30,40
MELON,WET,SEMI ARID,SUNNY,6.56,30,40
MELON,WET,SEMI ARID,RAINY,0.3,30,40
MELON,WET,SEMI ARID,NORMAL,6.06,40,50
MELON,WET,SEMI ARID,SUNNY,7.56,40,50
MELON,WET,SEMI ARID,RAINY,0.5,40,50
MELON,WET,SEMI HUMID,NORMAL,2.34,10,20
MELON,WET,SEMI HUMID,SUNNY,3.84,10,20
MELON,WET,SEMI HUMID,RAINY,0.1,10,20
MELON,WET,SEMI HUMID,NORMAL,3.34,20,30
MELON,WET,SEMI HUMID,SUNNY,4.84,20,30
MELON,WET,SEMI HUMID,RAINY,0.1,20,30
MELON,WET,SEMI HUMID,NORMAL,4.34,30,40
MELON,WET,SEMI HUMID,SUNNY,5.84,30,40
MELON,WET,SEMI HUMID,RAINY,0.2,30,40
MELON,WET,SEMI HUMID,NORMAL,5.34,40,50
MELON,WET,SEMI HUMID,SUNNY,6.84,40,50
MELON,WET,SEMI HUMID,RAINY,0.3,40,50
MELON,WET,HUMID,NORMAL,1.44,10,20
MELON,WET,HUMID,SUNNY,3.0,10,20
MELON,WET,HUMID,RAINY,0.1,10,20
MELON,WET,HUMID,NORMAL,2.44,20,30
MELON,WET,HUMID,SUNNY,4.0,20,30
MELON,WET,HUMID,RAINY,0.1,20,30
MELON,WET,HUMID,NORMAL,3.44,30,40
MELON,WET,HUMID,SUNNY,5.0,30,40
MELON,WET,HUMID,RAINY,0.1,30,40
MELON,WET,HUMID,NORMAL,4.44,40,50
MELON,WET,HUMID,SUNNY,6.0,40,50
MELON,WET,HUMID,RAINY,0.2,40,50
MAIZE,DRY,DESERT,NORMAL,6.12,10,20
MAIZE,DRY,DESERT,SUNNY,7.62,10,20
MAIZE,DRY,DESERT,RAINY,0.5,10,20
MAIZE,DRY,DESERT,NORMAL,7.12,20,30
MAIZE,DRY,DESERT,SUNNY,8.62,20,30
MAIZE,DRY,DESERT,RAINY,0.8,20,30
MAIZE,DRY,DESERT,NORMAL,8.12,30,40
MAIZE,DRY,DESERT,SUNNY,9.62,30,40
MAIZE,DRY,DESERT,RAINY,0.12,30,40
MAIZE,DRY,DESERT,NORMAL,9.12,40,50
MAIZE,DRY,DESERT,SUNNY,10.62,40,50
MAIZE,DRY,DESERT,RAINY,1.12,40,50
MAIZE,DRY,SEMI ARID,NORMAL,5.58,10,20
MAIZE,DRY,SEMI ARID,SUNNY,7.08,10,20
MAIZE,DRY,SEMI ARID,RAINY,0.3,10,20
MAIZE,DRY,SEMI ARID,NORMAL,6.58,20,30
MAIZE,DRY,SEMI ARID,SUNNY,8.08,20,30
MAIZE,DRY,SEMI ARID,RAINY,0.5,20,30
MAIZE,DRY,SEMI ARID,NORMAL,7.58,30,40
MAIZE,DRY,SEMI ARID,SUNNY,9.08,30,40
MAIZE,DRY,SEMI ARID,RAINY,0.8,30,40
MAIZE,DRY,SEMI ARID,NORMAL,8.58,40,50
MAIZE,DRY,SEMI ARID,SUNNY,10.08,40,50
MAIZE,DRY,SEMI ARID,RAINY,0.58,40,50
MAIZE,DRY,SEMI HUMID,NORMAL,4.86,10,20
MAIZE,DRY,SEMI HUMID,SUNNY,6.36,10,20
MAIZE,DRY,SEMI HUMID,RAINY,0.2,10,20
MAIZE,DRY,SEMI HUMID,NORMAL,5.86,20,30
MAIZE,DRY,SEMI HUMID,SUNNY,7.36,20,30
MAIZE,DRY,SEMI HUMID,RAINY,0.3,20,30
MAIZE,DRY,SEMI HUMID,NORMAL,6.86,30,40
MAIZE,DRY,SEMI HUMID,SUNNY,8.36,30,40
MAIZE,DRY,SEMI HUMID,RAINY,0.5,30,40
MAIZE,DRY,SEMI HUMID,NORMAL,7.86,40,50
MAIZE,DRY,SEMI HUMID,SUNNY,9.36,40,50
MAIZE,DRY,SEMI HUMID,RAINY,0.8,40,50
MAIZE,DRY,HUMID,NORMAL,3.96,10,20
MAIZE,DRY,HUMID,SUNNY,5.46,10,20
MAIZE,DRY,HUMID,RAINY,0.1,10,20
MAIZE,DRY,HUMID,NORMAL,4.96,20,30
MAIZE,DRY,HUMID,SUNNY,6.46,20,30
MAIZE,DRY,HUMID,RAINY,0.2,20,30
MAIZE,DRY,HUMID,NORMAL,5.96,30,40
MAIZE,DRY,HUMID,SUNNY,7.46,30,40
MAIZE,DRY,HUMID,RAINY,0.3,30,40
MAIZE,DRY,HUMID,NORMAL,6.96,40,50
MAIZE,DRY,HUMID,SUNNY,8.46,40,50
MAIZE,DRY,HUMID,RAINY,0.5,40,50
MAIZE,HUMID,DESERT,NORMAL,4.68,10,20
MAIZE,HUMID,DESERT,SUNNY,6.18,10,20
MAIZE,HUMID,DESERT,RAINY,0.2,10,20
MAIZE,HUMID,DESERT,NORMAL,5.68,20,30
MAIZE,HUMID,DESERT,SUNNY,7.18,20,30
MAIZE,HUMID,DESERT,RAINY,0.3,20,30
MAIZE,HUMID,DESERT,NORMAL,6.68,30,40
MAIZE,HUMID,DESERT,SUNNY,8.18,30,40
MAIZE,HUMID,DESERT,RAINY,0.5,30,40
MAIZE,HUMID,DESERT,NORMAL,7.68,40,50
MAIZE,HUMID,DESERT,SUNNY,9.18,40,50
MAIZE,HUMID,DESERT,RAINY,0.8,40,50
MAIZE,HUMID,SEMI ARID,NORMAL,4.14,10,20
MAIZE,HUMID,SEMI ARID,SUNNY,5.64,10,20
MAIZE,HUMID,SEMI ARID,RAINY,0.2,10,20
MAIZE,HUMID,SEMI ARID,NORMAL,5.14,20,30
MAIZE,HUMID,SEMI ARID,SUNNY,6.64,20,30
MAIZE,HUMID,SEMI ARID,RAINY,0.3,20,30
MAIZE,HUMID,SEMI ARID,NORMAL,6.14,30,40
MAIZE,HUMID,SEMI ARID,SUNNY,7.64,30,40
MAIZE,HUMID,SEMI ARID,RAINY,0.5,30,40
MAIZE,HUMID,SEMI ARID,NORMAL,7.14,40,50
MAIZE,HUMID,SEMI ARID,SUNNY,8.64,40,50
MAIZE,HUMID,SEMI ARID,RAINY,0.8,40,50
MAIZE,HUMID,SEMI HUMID,NORMAL,3.42,10,20
MAIZE,HUMID,SEMI HUMID,SUNNY,4.92,10,20
MAIZE,HUMID,SEMI HUMID,RAINY,0.1,10,20
MAIZE,HUMID,SEMI HUMID,NORMAL,4.42,20,30
MAIZE,HUMID,SEMI HUMID,SUNNY,5.92,20,30
MAIZE,HUMID,SEMI HUMID,RAINY,0.2,20,30
MAIZE,HUMID,SEMI HUMID,NORMAL,5.42,30,40
MAIZE,HUMID,SEMI HUMID,SUNNY,6.92,30,40
MAIZE,HUMID,SEMI HUMID,RAINY,0.3,30,40
MAIZE,HUMID,SEMI HUMID,NORMAL,6.42,40,50
MAIZE,HUMID,SEMI HUMID,SUNNY,7.92,40,50
MAIZE,HUMID,SEMI HUMID,RAINY,0.5,40,50
MAIZE,HUMID,HUMID,NORMAL,2.52,10,20
MAIZE,HUMID,HUMID,SUNNY,4.02,10,20
MAIZE,HUMID,HUMID,RAINY,0.1,10,20
MAIZE,HUMID,HUMID,NORMAL,3.52,20,30
MAIZE,HUMID,HUMID,SUNNY,5.02,20,30
MAIZE,HUMID,HUMID,RAINY,0.1,20,30
MAIZE,HUMID,HUMID,NORMAL,4.52,30,40
MAIZE,HUMID,HUMID,SUNNY,6.02,30,40
MAIZE,HUMID,HUMID,RAINY,0.2,30,40
MAIZE,HUMID,HUMID,NORMAL,5.52,40,50
MAIZE,HUMID,HUMID,SUNNY,7.02,40,50
MAIZE,HUMID,HUMID,RAINY,0.3,40,50
MAIZE,WET,DESERT,NORMAL,3.6,10,20
MAIZE,WET,DESERT,SUNNY,5.1,10,20
MAIZE,WET,DESERT,RAINY,0.1,10,20
MAIZE,WET,DESERT,NORMAL,4.6,20,30
MAIZE,WET,DESERT,SUNNY,6.1,20,30
MAIZE,WET,DESERT,RAINY,0.2,20,30
MAIZE,WET,DESERT,NORMAL,5.6,30,40
MAIZE,WET,DESERT,SUNNY,7.1,30,40
MAIZE,WET,DESERT,RAINY,0.3,30,40
MAIZE,WET,DESERT,NORMAL,6.6,40,50
MAIZE,WET,DESERT,SUNNY,8.1,40,50
MAIZE,WET,DESERT,RAINY,0.5,40,50
MAIZE,WET,SEMI ARID,NORMAL,3.06,10,20
MAIZE,WET,SEMI ARID,SUNNY,4.56,10,20
MAIZE,WET,SEMI ARID,RAINY,0.1,10,20
MAIZE,WET,SEMI ARID,NORMAL,4.06,20,30
MAIZE,WET,SEMI ARID,SUNNY,5.56,20,30
MAIZE,WET,SEMI ARID,RAINY,0.2,20,30
MAIZE,WET,SEMI ARID,NORMAL,5.06,30,40
MAIZE,WET,SEMI ARID,SUNNY,6.56,30,40
MAIZE,WET,SEMI ARID,RAINY,0.3,30,40
MAIZE,WET,SEMI ARID,NORMAL,6.06,40,50
MAIZE,WET,SEMI ARID,SUNNY,7.56,40,50
MAIZE,WET,SEMI ARID,RAINY,0.5,40,50
MAIZE,WET,SEMI HUMID,NORMAL,2.34,10,20
MAIZE,WET,SEMI HUMID,SUNNY,3.84,10,20
MAIZE,WET,SEMI HUMID,RAINY,0.1,10,20
MAIZE,WET,SEMI HUMID,NORMAL,3.34,20,30
MAIZE,WET,SEMI HUMID,SUNNY,4.84,20,30
MAIZE,WET,SEMI HUMID,RAINY,0.1,20,30
MAIZE,WET,SEMI HUMID,NORMAL,4.34,30,40
MAIZE,WET,SEMI HUMID,SUNNY,5.84,30,40
MAIZE,WET,SEMI HUMID,RAINY,0.2,30,40
MAIZE,WET,SEMI HUMID,NORMAL,5.34,40,50
MAIZE,WET,SEMI HUMID,SUNNY,6.84,40,50
MAIZE,WET,SEMI HUMID,RAINY,0.3,40,50
MAIZE,WET,HUMID,NORMAL,1.44,10,20
MAIZE,WET,HUMID,SUNNY,3.0,10,20
MAIZE,WET,HUMID,RAINY,0.1,10,20
MAIZE,WET,HUMID,NORMAL,2.44,20,30
MAIZE,WET,HUMID,SUNNY,4.0,20,30
MAIZE,WET,HUMID,RAINY,0.1,20,30
MAIZE,WET,HUMID,NORMAL,3.44,30,40
MAIZE,WET,HUMID,SUNNY,5.0,30,40
MAIZE,WET,HUMID,RAINY,0.1,30,40
MAIZE,WET,HUMID,NORMAL,4.44,40,50
MAIZE,WET,HUMID,SUNNY,6.0,40,50
MAIZE,WET,HUMID,RAINY,0.2,40,50
CITRUS,DRY,DESERT,NORMAL,5.66,10,20
CITRUS,DRY,DESERT,SUNNY,7.0,10,20
CITRUS,DRY,DESERT,RAINY,0.2,10,20
CITRUS,DRY,DESERT,NORMAL,6.5,20,30
CITRUS,DRY,DESERT,SUNNY,8.0,20,30
CITRUS,DRY,DESERT,RAINY,0.5,20,30
CITRUS,DRY,DESERT,NORMAL,7.0,30,40
CITRUS,DRY,DESERT,SUNNY,8.5,30,40
CITRUS,DRY,DESERT,RAINY,0.8,30,40
CITRUS,DRY,DESERT,NORMAL,8.6,40,50
CITRUS,DRY,DESERT,SUNNY,10.1,40,50
CITRUS,DRY,DESERT,RAINY,0.6,40,50
CITRUS,DRY,SEMI ARID,NORMAL,5.05,10,20
CITRUS,DRY,SEMI ARID,SUNNY,6.55,10,20
CITRUS,DRY,SEMI ARID,RAINY,0.5,10,20
CITRUS,DRY,SEMI ARID,NORMAL,6.0,20,30
CITRUS,DRY,SEMI ARID,SUNNY,7.5,20,30
CITRUS,DRY,SEMI ARID,RAINY,0.5,20,30
CITRUS,DRY,SEMI ARID,NORMAL,7.1,30,40
CITRUS,DRY,SEMI ARID,SUNNY,8.6,30,40
CITRUS,DRY,SEMI ARID,RAINY,0.8,30,40
CITRUS,DRY,SEMI ARID,NORMAL,8.0,40,50
CITRUS,DRY,SEMI ARID,SUNNY,9.5,40,50
CITRUS,DRY,SEMI ARID,RAINY,0.8,40,50
CITRUS,DRY,SEMI HUMID,NORMAL,4.4,10,20
CITRUS,DRY,SEMI HUMID,SUNNY,5.9,10,20
CITRUS,DRY,SEMI HUMID,RAINY,0.2,10,20
CITRUS,DRY,SEMI HUMID,NORMAL,5.3,20,30
CITRUS,DRY,SEMI HUMID,SUNNY,6.8,20,30
CITRUS,DRY,SEMI HUMID,RAINY,0.3,20,30
CITRUS,DRY,SEMI HUMID,NORMAL,6.2,30,40
CITRUS,DRY,SEMI HUMID,SUNNY,7.7,30,40
CITRUS,DRY,SEMI HUMID,RAINY,0.5,30,40
CITRUS,DRY,SEMI HUMID,NORMAL,7.5,40,50
CITRUS,DRY,SEMI HUMID,SUNNY,9.0,40,50
CITRUS,DRY,SEMI HUMID,RAINY,0.8,40,50
CITRUS,DRY,HUMID,NORMAL,3.6,10,20
CITRUS,DRY,HUMID,SUNNY,5.1,10,20
CITRUS,DRY,HUMID,RAINY,0.1,10,20
CITRUS,DRY,HUMID,NORMAL,4.5,20,30
CITRUS,DRY,HUMID,SUNNY,6.0,20,30
CITRUS,DRY,HUMID,RAINY,0.2,20,30
CITRUS,DRY,HUMID,NORMAL,5.6,30,40
CITRUS,DRY,HUMID,SUNNY,7.1,30,40
CITRUS,DRY,HUMID,RAINY,0.2,30,40
CITRUS,DRY,HUMID,NORMAL,6.6,40,50
CITRUS,DRY,HUMID,SUNNY,8.1,40,50
CITRUS,DRY,HUMID,RAINY,0.5,40,50
CITRUS,HUMID,DESERT,NORMAL,4.2,10,20
CITRUS,HUMID,DESERT,SUNNY,5.7,10,20
CITRUS,HUMID,DESERT,RAINY,0.2,10,20
CITRUS,HUMID,DESERT,NORMAL,5.3,20,30
CITRUS,HUMID,DESERT,SUNNY,6.8,20,30
CITRUS,HUMID,DESERT,RAINY,0.3,20,30
CITRUS,HUMID,DESERT,NORMAL,6.2,30,40
CITRUS,HUMID,DESERT,SUNNY,7.7,30,40
CITRUS,HUMID,DESERT,RAINY,0.5,30,40
CITRUS,HUMID,DESERT,NORMAL,7.4,40,50
CITRUS,HUMID,DESERT,SUNNY,8.9,40,50
CITRUS,HUMID,DESERT,RAINY,0.8,40,50
CITRUS,HUMID,SEMI ARID,NORMAL,3.7,10,20
CITRUS,HUMID,SEMI ARID,SUNNY,5.2,10,20
CITRUS,HUMID,SEMI ARID,RAINY,0.1,10,20
CITRUS,HUMID,SEMI ARID,NORMAL,4.6,20,30
CITRUS,HUMID,SEMI ARID,SUNNY,6.1,20,30
CITRUS,HUMID,SEMI ARID,RAINY,0.2,20,30
CITRUS,HUMID,SEMI ARID,NORMAL,5.5,30,40
CITRUS,HUMID,SEMI ARID,SUNNY,7.0,30,40
CITRUS,HUMID,SEMI ARID,RAINY,0.3,30,40
CITRUS,HUMID,SEMI ARID,NORMAL,6.6,40,50
CITRUS,HUMID,SEMI ARID,SUNNY,8.1,40,50
CITRUS,HUMID,SEMI ARID,RAINY,0.5,40,50
CITRUS,HUMID,SEMI HUMID,NORMAL,3.1,10,20
CITRUS,HUMID,SEMI HUMID,SUNNY,4.6,10,20
CITRUS,HUMID,SEMI HUMID,RAINY,0.1,10,20
CITRUS,HUMID,SEMI HUMID,NORMAL,4.2,20,30
CITRUS,HUMID,SEMI HUMID,SUNNY,5.7,20,30
CITRUS,HUMID,SEMI HUMID,RAINY,0.2,20,30
CITRUS,HUMID,SEMI HUMID,NORMAL,5.1,30,40
CITRUS,HUMID,SEMI HUMID,SUNNY,6.6,30,40
CITRUS,HUMID,SEMI HUMID,RAINY,0.3,30,40
CITRUS,HUMID,SEMI HUMID,NORMAL,6.0,40,50
CITRUS,HUMID,SEMI HUMID,SUNNY,7.5,40,50
CITRUS,HUMID,SEMI HUMID,RAINY,0.5,40,50
CITRUS,HUMID,HUMID,NORMAL,2.3,10,20
CITRUS,HUMID,HUMID,SUNNY,3.8,10,20
CITRUS,HUMID,HUMID,RAINY,0.1,10,20
CITRUS,HUMID,HUMID,NORMAL,3.33,20,30
CITRUS,HUMID,HUMID,SUNNY,4.8,20,30
CITRUS,HUMID,HUMID,RAINY,0.1,20,30
CITRUS,HUMID,HUMID,NORMAL,4.33,30,40
CITRUS,HUMID,HUMID,SUNNY,5.8,30,40
CITRUS,HUMID,HUMID,RAINY,0.2,30,40
CITRUS,HUMID,HUMID,NORMAL,5.33,40,50
CITRUS,HUMID,HUMID,SUNNY,6.8,40,50
CITRUS,HUMID,HUMID,RAINY,0.3,40,50
CITRUS,WET,DESERT,NORMAL,3.33,10,20
CITRUS,WET,DESERT,SUNNY,4.8,10,20
CITRUS,WET,DESERT,RAINY,0.1,10,20
CITRUS,WET,DESERT,NORMAL,4.33,20,30
CITRUS,WET,DESERT,SUNNY,5.8,20,30
CITRUS,WET,DESERT,RAINY,0.2,20,30
CITRUS,WET,DESERT,NORMAL,5.33,30,40
CITRUS,WET,DESERT,SUNNY,6.8,30,40
CITRUS,WET,DESERT,RAINY,0.3,30,40
CITRUS,WET,DESERT,NORMAL,6.33,40,50
CITRUS,WET,DESERT,SUNNY,7.8,40,50
CITRUS,WET,DESERT,RAINY,0.5,40,50
CITRUS,WET,SEMI ARID,NORMAL,2.83,10,20
CITRUS,WET,SEMI ARID,SUNNY,4.33,10,20
CITRUS,WET,SEMI ARID,RAINY,0.1,10,20
CITRUS,WET,SEMI ARID,NORMAL,3.83,20,30
CITRUS,WET,SEMI ARID,SUNNY,5.33,20,30
CITRUS,WET,SEMI ARID,RAINY,0.1,20,30
CITRUS,WET,SEMI ARID,NORMAL,4.83,30,40
CITRUS,WET,SEMI ARID,SUNNY,6.33,30,40
CITRUS,WET,SEMI ARID,RAINY,0.2,30,40
CITRUS,WET,SEMI ARID,NORMAL,5.83,40,50
CITRUS,WET,SEMI ARID,SUNNY,7.33,40,50
CITRUS,WET,SEMI ARID,RAINY,0.3,40,50
CITRUS,WET,SEMI HUMID,NORMAL,2.16,10,20
CITRUS,WET,SEMI HUMID,SUNNY,3.66,10,20
CITRUS,WET,SEMI HUMID,RAINY,0.1,10,20
CITRUS,WET,SEMI HUMID,NORMAL,3.16,20,30
CITRUS,WET,SEMI HUMID,SUNNY,4.66,20,30
CITRUS,WET,SEMI HUMID,RAINY,0.1,20,30
CITRUS,WET,SEMI HUMID,NORMAL,4.16,30,40
CITRUS,WET,SEMI HUMID,SUNNY,5.66,30,40
CITRUS,WET,SEMI HUMID,RAINY,0.2,30,40
CITRUS,WET,SEMI HUMID,NORMAL,5.16,40,50
CITRUS,WET,SEMI HUMID,SUNNY,6.66,40,50
CITRUS,WET,SEMI HUMID,RAINY,0.3,40,50
CITRUS,WET,HUMID,NORMAL,1.33,10,20
CITRUS,WET,HUMID,SUNNY,2.83,10,20
CITRUS,WET,HUMID,RAINY,0.1,10,20
CITRUS,WET,HUMID,NORMAL,2.33,20,30
CITRUS,WET,HUMID,SUNNY,3.83,20,30
CITRUS,WET,HUMID,RAINY,0.1,20,30
CITRUS,WET,HUMID,NORMAL,3.33,30,40
CITRUS,WET,HUMID,SUNNY,4.83,30,40
CITRUS,WET,HUMID,RAINY,0.1,30,40
CITRUS,WET,HUMID,NORMAL,4.33,40,50
CITRUS,WET,HUMID,SUNNY,5.83,40,50
CITRUS,WET,HUMID,RAINY,0.2,40,50
BEAN,DRY,DESERT,NORMAL,6.97,10,20
BEAN,DRY,DESERT,SUNNY,8.47,10,20
BEAN,DRY,DESERT,RAINY,0.2,10,20
BEAN,DRY,DESERT,NORMAL,7.9,20,30
BEAN,DRY,DESERT,SUNNY,9.4,20,30
BEAN,DRY,DESERT,RAINY,0.8,20,30
BEAN,DRY,DESERT,NORMAL,8.8,30,40
BEAN,DRY,DESERT,SUNNY,10.3,30,40
BEAN,DRY,DESERT,RAINY,0.8,30,40
BEAN,DRY,DESERT,NORMAL,9.95,40,50
BEAN,DRY,DESERT,SUNNY,11.45,40,50
BEAN,DRY,DESERT,RAINY,1.95,40,50
BEAN,DRY,SEMI ARID,NORMAL,7.98,10,20
BEAN,DRY,SEMI ARID,SUNNY,9.48,10,20
BEAN,DRY,SEMI ARID,RAINY,0.8,10,20
BEAN,DRY,SEMI ARID,NORMAL,8.6,20,30
BEAN,DRY,SEMI ARID,SUNNY,10.1,20,30
BEAN,DRY,SEMI ARID,RAINY,0.6,20,30
BEAN,DRY,SEMI ARID,NORMAL,9.8,30,40
BEAN,DRY,SEMI ARID,SUNNY,11.3,30,40
BEAN,DRY,SEMI ARID,RAINY,1.8,30,40
BEAN,DRY,SEMI ARID,NORMAL,10.95,40,50
BEAN,DRY,SEMI ARID,SUNNY,12.45,40,50
BEAN,DRY,SEMI ARID,RAINY,2.8,40,50
BEAN,DRY,SEMI HUMID,NORMAL,5.53,10,20
BEAN,DRY,SEMI HUMID,SUNNY,7.03,10,20
BEAN,DRY,SEMI HUMID,RAINY,0.1,10,20
BEAN,DRY,SEMI HUMID,NORMAL,6.5,20,30
BEAN,DRY,SEMI HUMID,SUNNY,8.0,20,30
BEAN,DRY,SEMI HUMID,RAINY,0.5,20,30
BEAN,DRY,SEMI HUMID,NORMAL,7.6,30,40
BEAN,DRY,SEMI HUMID,SUNNY,9.0,30,40
BEAN,DRY,SEMI HUMID,RAINY,0.8,30,40
BEAN,DRY,SEMI HUMID,NORMAL,8.55,40,50
BEAN,DRY,SEMI HUMID,SUNNY,10.05,40,50
BEAN,DRY,SEMI HUMID,RAINY,0.55,40,50
BEAN,DRY,HUMID,NORMAL,4.51,10,20
BEAN,DRY,HUMID,SUNNY,6.01,10,20
BEAN,DRY,HUMID,RAINY,0.1,10,20
BEAN,DRY,HUMID,NORMAL,5.5,20,30
BEAN,DRY,HUMID,SUNNY,7.0,20,30
BEAN,DRY,HUMID,RAINY,0.2,20,30
BEAN,DRY,HUMID,NORMAL,6.5,30,40
BEAN,DRY,HUMID,SUNNY,8.0,30,40
BEAN,DRY,HUMID,RAINY,0.2,30,40
BEAN,DRY,HUMID,NORMAL,7.8,40,50
BEAN,DRY,HUMID,SUNNY,9.3,40,50
BEAN,DRY,HUMID,RAINY,0.8,40,50
BEAN,HUMID,DESERT,NORMAL,5.33,10,20
BEAN,HUMID,DESERT,SUNNY,6.83,10,20
BEAN,HUMID,DESERT,RAINY,0.5,10,20
BEAN,HUMID,DESERT,NORMAL,6.2,20,30
BEAN,HUMID,DESERT,SUNNY,7.7,20,30
BEAN,HUMID,DESERT,RAINY,0.8,20,30
BEAN,HUMID,DESERT,NORMAL,7.4,30,40
BEAN,HUMID,DESERT,SUNNY,8.9,30,40
BEAN,HUMID,DESERT,RAINY,0.8,30,40
BEAN,HUMID,DESERT,NORMAL,8.34,40,50
BEAN,HUMID,DESERT,SUNNY,9.85,40,50
BEAN,HUMID,DESERT,RAINY,0.34,40,50
BEAN,HUMID,SEMI ARID,NORMAL,4.71,10,20
BEAN,HUMID,SEMI ARID,SUNNY,6.21,10,20
BEAN,HUMID,SEMI ARID,RAINY,0.1,10,20
BEAN,HUMID,SEMI ARID,NORMAL,5.8,20,30
BEAN,HUMID,SEMI ARID,SUNNY,7.3,20,30
BEAN,HUMID,SEMI ARID,RAINY,0.2,20,30
BEAN,HUMID,SEMI ARID,NORMAL,6.6,30,40
BEAN,HUMID,SEMI ARID,SUNNY,8.1,30,40
BEAN,HUMID,SEMI ARID,RAINY,0.5,30,40
BEAN,HUMID,SEMI ARID,NORMAL,7.9,40,50
BEAN,HUMID,SEMI ARID,SUNNY,9.4,40,50
BEAN,HUMID,SEMI ARID,RAINY,0.6,40,50
BEAN,HUMID,SEMI HUMID,NORMAL,3.9,10,20
BEAN,HUMID,SEMI HUMID,SUNNY,5.4,10,20
BEAN,HUMID,SEMI HUMID,RAINY,0.1,10,20
BEAN,HUMID,SEMI HUMID,NORMAL,4.9,20,30
BEAN,HUMID,SEMI HUMID,SUNNY,6.4,20,30
BEAN,HUMID,SEMI HUMID,RAINY,0.1,20,30
BEAN,HUMID,SEMI HUMID,NORMAL,5.8,30,40
BEAN,HUMID,SEMI HUMID,SUNNY,7.3,30,40
BEAN,HUMID,SEMI HUMID,RAINY,0.3,30,40
BEAN,HUMID,SEMI HUMID,NORMAL,6.7,40,50
BEAN,HUMID,SEMI HUMID,SUNNY,8.2,40,50
BEAN,HUMID,SEMI HUMID,RAINY,0.4,40,50
BEAN,HUMID,HUMID,NORMAL,2.8,10,20
BEAN,HUMID,HUMID,SUNNY,4.3,10,20
BEAN,HUMID,HUMID,RAINY,0.1,10,20
BEAN,HUMID,HUMID,NORMAL,3.7,20,30
BEAN,HUMID,HUMID,SUNNY,5.2,20,30
BEAN,HUMID,HUMID,RAINY,0.1,20,30
BEAN,HUMID,HUMID,NORMAL,4.9,30,40
BEAN,HUMID,HUMID,SUNNY,6.4,30,40
BEAN,HUMID,HUMID,RAINY,0.5,30,40
BEAN,HUMID,HUMID,NORMAL,5.8,40,50
BEAN,HUMID,HUMID,SUNNY,7.3,40,50
BEAN,HUMID,HUMID,RAINY,0.3,40,50
BEAN,WET,DESERT,NORMAL,4.1,10,20
BEAN,WET,DESERT,SUNNY,5.6,10,20
BEAN,WET,DESERT,RAINY,0.1,10,20
BEAN,WET,DESERT,NORMAL,5.1,20,30
BEAN,WET,DESERT,SUNNY,6.6,20,30
BEAN,WET,DESERT,RAINY,0.4,20,30
BEAN,WET,DESERT,NORMAL,6.2,30,40
BEAN,WET,DESERT,SUNNY,7.7,30,40
BEAN,WET,DESERT,RAINY,0.5,30,40
BEAN,WET,DESERT,NORMAL,7.3,40,50
BEAN,WET,DESERT,SUNNY,8.8,40,50
BEAN,WET,DESERT,RAINY,0.8,40,50
BEAN,WET,SEMI ARID,NORMAL,3.5,10,20
BEAN,WET,SEMI ARID,SUNNY,5.0,10,20
BEAN,WET,SEMI ARID,RAINY,0.1,10,20
BEAN,WET,SEMI ARID,NORMAL,4.6,20,30
BEAN,WET,SEMI ARID,SUNNY,6.1,20,30
BEAN,WET,SEMI ARID,RAINY,0.2,20,30
BEAN,WET,SEMI ARID,NORMAL,5.7,30,40
BEAN,WET,SEMI ARID,SUNNY,7.2,30,40
BEAN,WET,SEMI ARID,RAINY,0.3,30,40
BEAN,WET,SEMI ARID,NORMAL,6.6,40,50
BEAN,WET,SEMI ARID,SUNNY,8.1,40,50
BEAN,WET,SEMI ARID,RAINY,0.5,40,50
BEAN,WET,SEMI HUMID,NORMAL,2.6,10,20
BEAN,WET,SEMI HUMID,SUNNY,4.1,10,20
BEAN,WET,SEMI HUMID,RAINY,0.1,10,20
BEAN,WET,SEMI HUMID,NORMAL,3.6,20,30
BEAN,WET,SEMI HUMID,SUNNY,5.1,20,30
BEAN,WET,SEMI HUMID,RAINY,0.1,20,30
BEAN,WET,SEMI HUMID,NORMAL,4.7,30,40
BEAN,WET,SEMI HUMID,SUNNY,6.2,30,40
BEAN,WET,SEMI HUMID,RAINY,0.1,30,40
BEAN,WET,SEMI HUMID,NORMAL,5.6,40,50
BEAN,WET,SEMI HUMID,SUNNY,7.1,40,50
BEAN,WET,SEMI HUMID,RAINY,0.3,40,50
BEAN,WET,HUMID,NORMAL,1.64,10,20
BEAN,WET,HUMID,SUNNY,3.14,10,20
BEAN,WET,HUMID,RAINY,0.1,10,20
BEAN,WET,HUMID,NORMAL,2.6,20,30
BEAN,WET,HUMID,SUNNY,4.1,20,30
BEAN,WET,HUMID,RAINY,0.1,20,30
BEAN,WET,HUMID,NORMAL,3.7,30,40
BEAN,WET,HUMID,SUNNY,5.2,30,40
BEAN,WET,HUMID,RAINY,0.1,30,40
BEAN,WET,HUMID,NORMAL,4.6,40,50
BEAN,WET,HUMID,SUNNY,6.1,40,50
BEAN,WET,HUMID,RAINY,0.1,40,50
WHEAT,DRY,DESERT,NORMAL,10.54,10,20
WHEAT,DRY,DESERT,SUNNY,12.0,10,20
WHEAT,DRY,DESERT,RAINY,2.54,10,20
WHEAT,DRY,DESERT,NORMAL,11.5,20,30
WHEAT,DRY,DESERT,SUNNY,13.0,20,30
WHEAT,DRY,DESERT,RAINY,3.5,20,30
WHEAT,DRY,DESERT,NORMAL,12.4,30,40
WHEAT,DRY,DESERT,SUNNY,14.0,30,40
WHEAT,DRY,DESERT,RAINY,4.4,30,40
WHEAT,DRY,DESERT,NORMAL,13.6,40,50
WHEAT,DRY,DESERT,SUNNY,15.0,40,50
WHEAT,DRY,DESERT,RAINY,5.6,40,50
WHEAT,DRY,SEMI ARID,NORMAL,9.6,10,20
WHEAT,DRY,SEMI ARID,SUNNY,11.0,10,20
WHEAT,DRY,SEMI ARID,RAINY,1.6,10,20
WHEAT,DRY,SEMI ARID,NORMAL,10.7,20,30
WHEAT,DRY,SEMI ARID,SUNNY,12.2,20,30
WHEAT,DRY,SEMI ARID,RAINY,2.7,20,30
WHEAT,DRY,SEMI ARID,NORMAL,11.6,30,40
WHEAT,DRY,SEMI ARID,SUNNY,13.1,30,40
WHEAT,DRY,SEMI ARID,RAINY,3.6,30,40
WHEAT,DRY,SEMI ARID,NORMAL,12.5,40,50
WHEAT,DRY,SEMI ARID,SUNNY,14.0,40,50
WHEAT,DRY,SEMI ARID,RAINY,4.5,40,50
WHEAT,DRY,SEMI HUMID,NORMAL,8.4,10,20
WHEAT,DRY,SEMI HUMID,SUNNY,9.9,10,20
WHEAT,DRY,SEMI HUMID,RAINY,0.4,10,20
WHEAT,DRY,SEMI HUMID,NORMAL,9.5,20,30
WHEAT,DRY,SEMI HUMID,SUNNY,11.0,20,30
WHEAT,DRY,SEMI HUMID,RAINY,1.5,20,30
WHEAT,DRY,SEMI HUMID,NORMAL,10.4,30,40
WHEAT,DRY,SEMI HUMID,SUNNY,11.9,30,40
WHEAT,DRY,SEMI HUMID,RAINY,2.4,30,40
WHEAT,DRY,SEMI HUMID,NORMAL,11.35,40,50
WHEAT,DRY,SEMI HUMID,SUNNY,12.85,40,50
WHEAT,DRY,SEMI HUMID,RAINY,3.3,40,50
WHEAT,DRY,HUMID,NORMAL,6.9,10,20
WHEAT,DRY,HUMID,SUNNY,8.4,10,20
WHEAT,DRY,HUMID,RAINY,0.5,10,20
WHEAT,DRY,HUMID,NORMAL,7.82,20,30
WHEAT,DRY,HUMID,SUNNY,9.32,20,30
WHEAT,DRY,HUMID,RAINY,0.8,20,30
WHEAT,DRY,HUMID,NORMAL,8.85,30,40
WHEAT,DRY,HUMID,SUNNY,10.35,30,40
WHEAT,DRY,HUMID,RAINY,0.85,30,40
WHEAT,DRY,HUMID,NORMAL,9.7,40,50
WHEAT,DRY,HUMID,SUNNY,11.2,40,50
WHEAT,DRY,HUMID,RAINY,1.7,40,50
WHEAT,HUMID,DESERT,NORMAL,8.06,10,20
WHEAT,HUMID,DESERT,SUNNY,9.56,10,20
WHEAT,HUMID,DESERT,RAINY,0.1,10,20
WHEAT,HUMID,DESERT,NORMAL,9.1,20,30
WHEAT,HUMID,DESERT,SUNNY,10.6,20,30
WHEAT,HUMID,DESERT,RAINY,1.1,20,30
WHEAT,HUMID,DESERT,NORMAL,10.25,30,40
WHEAT,HUMID,DESERT,SUNNY,11.75,30,40
WHEAT,HUMID,DESERT,RAINY,2.25,30,40
WHEAT,HUMID,DESERT,NORMAL,11.1,40,50
WHEAT,HUMID,DESERT,SUNNY,12.6,40,50
WHEAT,HUMID,DESERT,RAINY,3.1,40,50
WHEAT,HUMID,SEMI ARID,NORMAL,7.15,10,20
WHEAT,HUMID,SEMI ARID,SUNNY,8.65,10,20
WHEAT,HUMID,SEMI ARID,RAINY,0.8,10,20
WHEAT,HUMID,SEMI ARID,NORMAL,8.1,20,30
WHEAT,HUMID,SEMI ARID,SUNNY,9.6,20,30
WHEAT,HUMID,SEMI ARID,RAINY,0.1,20,30
WHEAT,HUMID,SEMI ARID,NORMAL,9.2,30,40
WHEAT,HUMID,SEMI ARID,SUNNY,10.7,30,40
WHEAT,HUMID,SEMI ARID,RAINY,1.2,30,40
WHEAT,HUMID,SEMI ARID,NORMAL,10.1,40,50
WHEAT,HUMID,SEMI ARID,SUNNY,11.6,40,50
WHEAT,HUMID,SEMI ARID,RAINY,2.1,40,50
WHEAT,HUMID,SEMI HUMID,NORMAL,5.88,10,20
WHEAT,HUMID,SEMI HUMID,SUNNY,7.38,10,20
WHEAT,HUMID,SEMI HUMID,RAINY,0.3,10,20
WHEAT,HUMID,SEMI HUMID,NORMAL,6.8,20,30
WHEAT,HUMID,SEMI HUMID,SUNNY,8.6,20,30
WHEAT,HUMID,SEMI HUMID,RAINY,0.6,20,30
WHEAT,HUMID,SEMI HUMID,NORMAL,7.9,30,40
WHEAT,HUMID,SEMI HUMID,SUNNY,9.4,30,40
WHEAT,HUMID,SEMI HUMID,RAINY,0.8,30,40
WHEAT,HUMID,SEMI HUMID,NORMAL,8.7,40,50
WHEAT,HUMID,SEMI HUMID,SUNNY,10.5,40,50
WHEAT,HUMID,SEMI HUMID,RAINY,0.7,40,50
WHEAT,HUMID,HUMID,NORMAL,4.34,10,20
WHEAT,HUMID,HUMID,SUNNY,5.84,10,20
WHEAT,HUMID,HUMID,RAINY,0.2,10,20
WHEAT,HUMID,HUMID,NORMAL,5.3,20,30
WHEAT,HUMID,HUMID,SUNNY,6.8,20,30
WHEAT,HUMID,HUMID,RAINY,0.3,20,30
WHEAT,HUMID,HUMID,NORMAL,6.35,30,40
WHEAT,HUMID,HUMID,SUNNY,7.85,30,40
WHEAT,HUMID,HUMID,RAINY,0.5,30,40
WHEAT,HUMID,HUMID,NORMAL,7.32,40,50
WHEAT,HUMID,HUMID,SUNNY,8.82,40,50
WHEAT,HUMID,HUMID,RAINY,0.8,40,50
WHEAT,WET,DESERT,NORMAL,6.2,10,20
WHEAT,WET,DESERT,SUNNY,7.7,10,20
WHEAT,WET,DESERT,RAINY,0.5,10,20
WHEAT,WET,DESERT,NORMAL,7.2,20,30
WHEAT,WET,DESERT,SUNNY,8.7,20,30
WHEAT,WET,DESERT,RAINY,0.8,20,30
WHEAT,WET,DESERT,NORMAL,8.3,30,40
WHEAT,WET,DESERT,SUNNY,9.8,30,40
WHEAT,WET,DESERT,RAINY,0.3,30,40
WHEAT,WET,DESERT,NORMAL,9.4,40,50
WHEAT,WET,DESERT,SUNNY,10.9,40,50
WHEAT,WET,DESERT,RAINY,1.4,40,50
WHEAT,WET,SEMI ARID,NORMAL,5.3,10,20
WHEAT,WET,SEMI ARID,SUNNY,6.8,10,20
WHEAT,WET,SEMI ARID,RAINY,0.3,10,20
WHEAT,WET,SEMI ARID,NORMAL,6.25,20,30
WHEAT,WET,SEMI ARID,SUNNY,7.75,20,30
WHEAT,WET,SEMI ARID,RAINY,0.5,20,30
WHEAT,WET,SEMI ARID,NORMAL,7.35,30,40
WHEAT,WET,SEMI ARID,SUNNY,8.85,30,40
WHEAT,WET,SEMI ARID,RAINY,0.8,30,40
WHEAT,WET,SEMI ARID,NORMAL,8.34,40,50
WHEAT,WET,SEMI ARID,SUNNY,9.84,40,50
WHEAT,WET,SEMI ARID,RAINY,0.34,40,50
WHEAT,WET,SEMI HUMID,NORMAL,4.0,10,20
WHEAT,WET,SEMI HUMID,SUNNY,5.5,10,20
WHEAT,WET,SEMI HUMID,RAINY,0.2,10,20
WHEAT,WET,SEMI HUMID,NORMAL,5.06,20,30
WHEAT,WET,SEMI HUMID,SUNNY,6.56,20,30
WHEAT,WET,SEMI HUMID,RAINY,0.3,20,30
WHEAT,WET,SEMI HUMID,NORMAL,6.04,30,40
WHEAT,WET,SEMI HUMID,SUNNY,7.56,30,40
WHEAT,WET,SEMI HUMID,RAINY,0.5,30,40
WHEAT,WET,SEMI HUMID,NORMAL,7.05,40,50
WHEAT,WET,SEMI HUMID,SUNNY,8.56,40,50
WHEAT,WET,SEMI HUMID,RAINY,0.8,40,50
WHEAT,WET,HUMID,NORMAL,2.48,10,20
WHEAT,WET,HUMID,SUNNY,3.98,10,20
WHEAT,WET,HUMID,RAINY,0.1,10,20
WHEAT,WET,HUMID,NORMAL,3.48,20,30
WHEAT,WET,HUMID,SUNNY,4.98,20,30
WHEAT,WET,HUMID,RAINY,0.1,20,30
WHEAT,WET,HUMID,NORMAL,4.48,30,40
WHEAT,WET,HUMID,SUNNY,5.98,30,40
WHEAT,WET,HUMID,RAINY,0.2,30,40
WHEAT,WET,HUMID,NORMAL,5.48,40,50
WHEAT,WET,HUMID,SUNNY,6.98,40,50
WHEAT,WET,HUMID,RAINY,0.3,40,50
MUSTARD,DRY,DESERT,NORMAL,6.12,10,20
MUSTARD,DRY,DESERT,SUNNY,7.62,10,20
MUSTARD,DRY,DESERT,RAINY,0.5,10,20
MUSTARD,DRY,DESERT,NORMAL,7.12,20,30
MUSTARD,DRY,DESERT,SUNNY,8.62,20,30
MUSTARD,DRY,DESERT,RAINY,0.8,20,30
MUSTARD,DRY,DESERT,NORMAL,8.12,30,40
MUSTARD,DRY,DESERT,SUNNY,9.62,30,40
MUSTARD,DRY,DESERT,RAINY,0.12,30,40
MUSTARD,DRY,DESERT,NORMAL,9.12,40,50
MUSTARD,DRY,DESERT,SUNNY,10.62,40,50
MUSTARD,DRY,DESERT,RAINY,1.12,40,50
MUSTARD,DRY,SEMI ARID,NORMAL,5.58,10,20
MUSTARD,DRY,SEMI ARID,SUNNY,7.08,10,20
MUSTARD,DRY,SEMI ARID,RAINY,0.3,10,20
MUSTARD,DRY,SEMI ARID,NORMAL,6.58,20,30
MUSTARD,DRY,SEMI ARID,SUNNY,8.08,20,30
MUSTARD,DRY,SEMI ARID,RAINY,0.5,20,30
MUSTARD,DRY,SEMI ARID,NORMAL,7.58,30,40
MUSTARD,DRY,SEMI ARID,SUNNY,9.08,30,40
MUSTARD,DRY,SEMI ARID,RAINY,0.8,30,40
MUSTARD,DRY,SEMI ARID,NORMAL,8.58,40,50
MUSTARD,DRY,SEMI ARID,SUNNY,10.08,40,50
MUSTARD,DRY,SEMI ARID,RAINY,0.58,40,50
MUSTARD,DRY,SEMI HUMID,NORMAL,4.86,10,20
MUSTARD,DRY,SEMI HUMID,SUNNY,6.36,10,20
MUSTARD,DRY,SEMI HUMID,RAINY,0.2,10,20
MUSTARD,DRY,SEMI HUMID,NORMAL,5.86,20,30
MUSTARD,DRY,SEMI HUMID,SUNNY,7.36,20,30
MUSTARD,DRY,SEMI HUMID,RAINY,0.3,20,30
MUSTARD,DRY,SEMI HUMID,NORMAL,6.86,30,40
MUSTARD,DRY,SEMI HUMID,SUNNY,8.36,30,40
MUSTARD,DRY,SEMI HUMID,RAINY,0.5,30,40
MUSTARD,DRY,SEMI HUMID,NORMAL,7.86,40,50
MUSTARD,DRY,SEMI HUMID,SUNNY,9.36,40,50
MUSTARD,DRY,SEMI HUMID,RAINY,0.8,40,50
MUSTARD,DRY,HUMID,NORMAL,3.96,10,20
MUSTARD,DRY,HUMID,SUNNY,5.46,10,20
MUSTARD,DRY,HUMID,RAINY,0.1,10,20
MUSTARD,DRY,HUMID,NORMAL,4.96,20,30
MUSTARD,DRY,HUMID,SUNNY,6.46,20,30
MUSTARD,DRY,HUMID,RAINY,0.2,20,30
MUSTARD,DRY,HUMID,NORMAL,5.96,30,40
MUSTARD,DRY,HUMID,SUNNY,7.46,30,40
MUSTARD,DRY,HUMID,RAINY,0.3,30,40
MUSTARD,DRY,HUMID,NORMAL,6.96,40,50
MUSTARD,DRY,HUMID,SUNNY,8.46,40,50
MUSTARD,DRY,HUMID,RAINY,0.5,40,50
MUSTARD,HUMID,DESERT,NORMAL,4.68,10,20
MUSTARD,HUMID,DESERT,SUNNY,6.18,10,20
MUSTARD,HUMID,DESERT,RAINY,0.2,10,20
MUSTARD,HUMID,DESERT,NORMAL,5.68,20,30
MUSTARD,HUMID,DESERT,SUNNY,7.18,20,30
MUSTARD,HUMID,DESERT,RAINY,0.3,20,30
MUSTARD,HUMID,DESERT,NORMAL,6.68,30,40
MUSTARD,HUMID,DESERT,SUNNY,8.18,30,40
MUSTARD,HUMID,DESERT,RAINY,0.5,30,40
MUSTARD,HUMID,DESERT,NORMAL,7.68,40,50
MUSTARD,HUMID,DESERT,SUNNY,9.18,40,50
MUSTARD,HUMID,DESERT,RAINY,0.8,40,50
MUSTARD,HUMID,SEMI ARID,NORMAL,4.14,10,20
MUSTARD,HUMID,SEMI ARID,SUNNY,5.64,10,20
MUSTARD,HUMID,SEMI ARID,RAINY,0.2,10,20
MUSTARD,HUMID,SEMI ARID,NORMAL,5.14,20,30
MUSTARD,HUMID,SEMI ARID,SUNNY,6.64,20,30
MUSTARD,HUMID,SEMI ARID,RAINY,0.3,20,30
MUSTARD,HUMID,SEMI ARID,NORMAL,6.14,30,40
MUSTARD,HUMID,SEMI ARID,SUNNY,7.64,30,40
MUSTARD,HUMID,SEMI ARID,RAINY,0.5,30,40
MUSTARD,HUMID,SEMI ARID,NORMAL,7.14,40,50
MUSTARD,HUMID,SEMI ARID,SUNNY,8.64,40,50
MUSTARD,HUMID,SEMI ARID,RAINY,0.8,40,50
MUSTARD,HUMID,SEMI HUMID,NORMAL,3.42,10,20
MUSTARD,HUMID,SEMI HUMID,SUNNY,4.92,10,20
MUSTARD,HUMID,SEMI HUMID,RAINY,0.1,10,20
MUSTARD,HUMID,SEMI HUMID,NORMAL,4.42,20,30
MUSTARD,HUMID,SEMI HUMID,SUNNY,5.92,20,30
MUSTARD,HUMID,SEMI HUMID,RAINY,0.2,20,30
MUSTARD,HUMID,SEMI HUMID,NORMAL,5.42,30,40
MUSTARD,HUMID,SEMI HUMID,SUNNY,6.92,30,40
MUSTARD,HUMID,SEMI HUMID,RAINY,0.3,30,40
MUSTARD,HUMID,SEMI HUMID,NORMAL,6.42,40,50
MUSTARD,HUMID,SEMI HUMID,SUNNY,7.92,40,50
MUSTARD,HUMID,SEMI HUMID,RAINY,0.5,40,50
MUSTARD,HUMID,HUMID,NORMAL,2.52,10,20
MUSTARD,HUMID,HUMID,SUNNY,4.02,10,20
MUSTARD,HUMID,HUMID,RAINY,0.1,10,20
MUSTARD,HUMID,HUMID,NORMAL,3.52,20,30
MUSTARD,HUMID,HUMID,SUNNY,5.02,20,30
MUSTARD,HUMID,HUMID,RAINY,0.1,20,30
MUSTARD,HUMID,HUMID,NORMAL,4.52,30,40
MUSTARD,HUMID,HUMID,SUNNY,6.02,30,40
MUSTARD,HUMID,HUMID,RAINY,0.2,30,40
MUSTARD,HUMID,HUMID,NORMAL,5.52,40,50
MUSTARD,HUMID,HUMID,SUNNY,7.02,40,50
MUSTARD,HUMID,HUMID,RAINY,0.3,40,50
MUSTARD,WET,DESERT,NORMAL,3.6,10,20
MUSTARD,WET,DESERT,SUNNY,5.1,10,20
MUSTARD,WET,DESERT,RAINY,0.1,10,20
MUSTARD,WET,DESERT,NORMAL,4.6,20,30
MUSTARD,WET,DESERT,SUNNY,6.1,20,30
MUSTARD,WET,DESERT,RAINY,0.2,20,30
MUSTARD,WET,DESERT,NORMAL,5.6,30,40
MUSTARD,WET,DESERT,SUNNY,7.1,30,40
MUSTARD,WET,DESERT,RAINY,0.3,30,40
MUSTARD,WET,DESERT,NORMAL,6.6,40,50
MUSTARD,WET,DESERT,SUNNY,8.1,40,50
MUSTARD,WET,DESERT,RAINY,0.5,40,50
MUSTARD,WET,SEMI ARID,NORMAL,3.06,10,20
MUSTARD,WET,SEMI ARID,SUNNY,4.56,10,20
MUSTARD,WET,SEMI ARID,RAINY,0.1,10,20
MUSTARD,WET,SEMI ARID,NORMAL,4.06,20,30
MUSTARD,WET,SEMI ARID,SUNNY,5.56,20,30
MUSTARD,WET,SEMI ARID,RAINY,0.2,20,30
MUSTARD,WET,SEMI ARID,NORMAL,5.06,30,40
MUSTARD,WET,SEMI ARID,SUNNY,6.56,30,40
MUSTARD,WET,SEMI ARID,RAINY,0.3,30,40
MUSTARD,WET,SEMI ARID,NORMAL,6.06,40,50
MUSTARD,WET,SEMI ARID,SUNNY,7.56,40,50
MUSTARD,WET,SEMI ARID,RAINY,0.5,40,50
MUSTARD,WET,SEMI HUMID,NORMAL,2.34,10,20
MUSTARD,WET,SEMI HUMID,SUNNY,3.84,10,20
MUSTARD,WET,SEMI HUMID,RAINY,0.1,10,20
MUSTARD,WET,SEMI HUMID,NORMAL,3.34,20,30
MUSTARD,WET,SEMI HUMID,SUNNY,4.84,20,30
MUSTARD,WET,SEMI HUMID,RAINY,0.1,20,30
MUSTARD,WET,SEMI HUMID,NORMAL,4.34,30,40
MUSTARD,WET,SEMI HUMID,SUNNY,5.84,30,40
MUSTARD,WET,SEMI HUMID,RAINY,0.2,30,40
MUSTARD,WET,SEMI HUMID,NORMAL,5.34,40,50
MUSTARD,WET,SEMI HUMID,SUNNY,6.84,40,50
MUSTARD,WET,SEMI HUMID,RAINY,0.3,40,50
MUSTARD,WET,HUMID,NORMAL,1.44,10,20
MUSTARD,WET,HUMID,SUNNY,3.0,10,20
MUSTARD,WET,HUMID,RAINY,0.1,10,20
MUSTARD,WET,HUMID,NORMAL,2.44,20,30
MUSTARD,WET,HUMID,SUNNY,4.0,20,30
MUSTARD,WET,HUMID,RAINY,0.1,20,30
MUSTARD,WET,HUMID,NORMAL,3.44,30,40
MUSTARD,WET,HUMID,SUNNY,5.0,30,40
MUSTARD,WET,HUMID,RAINY,0.1,30,40
MUSTARD,WET,HUMID,NORMAL,4.44,40,50
MUSTARD,WET,HUMID,SUNNY,6.0,40,50
MUSTARD,WET,HUMID,RAINY,0.2,40,50
COTTON,DRY,DESERT,NORMAL,8.75,10,20
COTTON,DRY,DESERT,SUNNY,10.25,10,20
COTTON,DRY,DESERT,RAINY,0.75,10,20
COTTON,DRY,DESERT,NORMAL,9.85,20,30
COTTON,DRY,DESERT,SUNNY,11.35,20,30
COTTON,DRY,DESERT,RAINY,0.85,20,30
COTTON,DRY,DESERT,NORMAL,10.75,30,40
COTTON,DRY,DESERT,SUNNY,12.25,30,40
COTTON,DRY,DESERT,RAINY,2.75,30,40
COTTON,DRY,DESERT,NORMAL,11.75,40,50
COTTON,DRY,DESERT,SUNNY,13.25,40,50
COTTON,DRY,DESERT,RAINY,3.75,40,50
COTTON,DRY,SEMI ARID,NORMAL,7.98,10,20
COTTON,DRY,SEMI ARID,SUNNY,9.4,10,20
COTTON,DRY,SEMI ARID,RAINY,0.25,10,20
COTTON,DRY,SEMI ARID,NORMAL,8.98,20,30
COTTON,DRY,SEMI ARID,SUNNY,10.4,20,30
COTTON,DRY,SEMI ARID,RAINY,0.98,20,30
COTTON,DRY,SEMI ARID,NORMAL,9.98,30,40
COTTON,DRY,SEMI ARID,SUNNY,11.4,30,40
COTTON,DRY,SEMI ARID,RAINY,1.98,30,40
COTTON,DRY,SEMI ARID,NORMAL,10.9,40,50
COTTON,DRY,SEMI ARID,SUNNY,12.4,40,50
COTTON,DRY,SEMI ARID,RAINY,2.7,40,50
COTTON,DRY,SEMI HUMID,NORMAL,6.95,10,20
COTTON,DRY,SEMI HUMID,SUNNY,8.45,10,20
COTTON,DRY,SEMI HUMID,RAINY,0.1,10,20
COTTON,DRY,SEMI HUMID,NORMAL,7.95,20,30
COTTON,DRY,SEMI HUMID,SUNNY,9.45,20,30
COTTON,DRY,SEMI HUMID,RAINY,0.5,20,30
COTTON,DRY,SEMI HUMID,NORMAL,8.95,30,40
COTTON,DRY,SEMI HUMID,SUNNY,10.45,30,40
COTTON,DRY,SEMI HUMID,RAINY,0.95,30,40
COTTON,DRY,SEMI HUMID,NORMAL,9.9,40,50
COTTON,DRY,SEMI HUMID,SUNNY,11.4,40,50
COTTON,DRY,SEMI HUMID,RAINY,1.9,40,50
COTTON,DRY,HUMID,NORMAL,5.65,10,20
COTTON,DRY,HUMID,SUNNY,7.15,10,20
COTTON,DRY,HUMID,RAINY,0.1,10,20
COTTON,DRY,HUMID,NORMAL,6.6,20,30
COTTON,DRY,HUMID,SUNNY,8.1,20,30
COTTON,DRY,HUMID,RAINY,0.3,20,30
COTTON,DRY,HUMID,NORMAL,7.68,30,40
COTTON,DRY,HUMID,SUNNY,8.18,30,40
COTTON,DRY,HUMID,RAINY,0.8,30,40
COTTON,DRY,HUMID,NORMAL,8.65,40,50
COTTON,DRY,HUMID,SUNNY,10.15,40,50
COTTON,DRY,HUMID,RAINY,0.65,40,50
COTTON,HUMID,DESERT,NORMAL,6.695,10,20
COTTON,HUMID,DESERT,SUNNY,8.2,10,20
COTTON,HUMID,DESERT,RAINY,0.6,10,20
COTTON,HUMID,DESERT,NORMAL,7.695,20,30
COTTON,HUMID,DESERT,SUNNY,9.2,20,30
COTTON,HUMID,DESERT,RAINY,0.8,20,30
COTTON,HUMID,DESERT,NORMAL,8.7,30,40
COTTON,HUMID,DESERT,SUNNY,10.2,30,40
COTTON,HUMID,DESERT,RAINY,0.7,30,40
COTTON,HUMID,DESERT,NORMAL,9.5,40,50
COTTON,HUMID,DESERT,SUNNY,11.0,40,50
COTTON,HUMID,DESERT,RAINY,1.5,40,50
COTTON,HUMID,SEMI ARID,NORMAL,5.92,10,20
COTTON,HUMID,SEMI ARID,SUNNY,7.42,10,20
COTTON,HUMID,SEMI ARID,RAINY,0.1,10,20
COTTON,HUMID,SEMI ARID,NORMAL,6.92,20,30
COTTON,HUMID,SEMI ARID,SUNNY,8.42,20,30
COTTON,HUMID,SEMI ARID,RAINY,0.5,20,30
COTTON,HUMID,SEMI ARID,NORMAL,7.92,30,40
COTTON,HUMID,SEMI ARID,SUNNY,9.42,30,40
COTTON,HUMID,SEMI ARID,RAINY,0.8,30,40
COTTON,HUMID,SEMI ARID,NORMAL,8.92,40,50
COTTON,HUMID,SEMI ARID,SUNNY,10.42,40,50
COTTON,HUMID,SEMI ARID,RAINY,0.92,40,50
COTTON,HUMID,SEMI HUMID,NORMAL,4.89,10,20
COTTON,HUMID,SEMI HUMID,SUNNY,6.39,10,20
COTTON,HUMID,SEMI HUMID,RAINY,0.1,10,20
COTTON,HUMID,SEMI HUMID,NORMAL,5.6,20,30
COTTON,HUMID,SEMI HUMID,SUNNY,7.1,20,30
COTTON,HUMID,SEMI HUMID,RAINY,0.2,20,30
COTTON,HUMID,SEMI HUMID,NORMAL,6.5,30,40
COTTON,HUMID,SEMI HUMID,SUNNY,8.1,30,40
COTTON,HUMID,SEMI HUMID,RAINY,0.5,30,40
COTTON,HUMID,SEMI HUMID,NORMAL,7.5,40,50
COTTON,HUMID,SEMI HUMID,SUNNY,9.0,40,50
COTTON,HUMID,SEMI HUMID,RAINY,0.8,40,50
COTTON,HUMID,HUMID,NORMAL,3.65,10,20
COTTON,HUMID,HUMID,SUNNY,5.15,10,20
COTTON,HUMID,HUMID,RAINY,0.1,10,20
COTTON,HUMID,HUMID,NORMAL,4.65,20,30
COTTON,HUMID,HUMID,SUNNY,6.15,20,30
COTTON,HUMID,HUMID,RAINY,0.2,20,30
COTTON,HUMID,HUMID,NORMAL,5.0,30,40
COTTON,HUMID,HUMID,SUNNY,6.5,30,40
COTTON,HUMID,HUMID,RAINY,0.3,30,40
COTTON,HUMID,HUMID,NORMAL,5.15,40,50
COTTON,HUMID,HUMID,SUNNY,6.65,40,50
COTTON,HUMID,HUMID,RAINY,0.2,40,50
COTTON,WET,DESERT,NORMAL,5.15,10,20
COTTON,WET,DESERT,SUNNY,6.65,10,20
COTTON,WET,DESERT,RAINY,0.2,10,20
COTTON,WET,DESERT,NORMAL,6.15,20,30
COTTON,WET,DESERT,SUNNY,7.65,20,30
COTTON,WET,DESERT,RAINY,0.3,20,30
COTTON,WET,DESERT,NORMAL,7.15,30,40
COTTON,WET,DESERT,SUNNY,8.65,30,40
COTTON,WET,DESERT,RAINY,0.8,30,40
COTTON,WET,DESERT,NORMAL,8.15,40,50
COTTON,WET,DESERT,SUNNY,9.65,40,50
COTTON,WET,DESERT,RAINY,0.15,40,50
COTTON,WET,SEMI ARID,NORMAL,4.37,10,20
COTTON,WET,SEMI ARID,SUNNY,5.87,10,20
COTTON,WET,SEMI ARID,RAINY,0.1,10,20
COTTON,WET,SEMI ARID,NORMAL,5.3,20,30
COTTON,WET,SEMI ARID,SUNNY,6.8,20,30
COTTON,WET,SEMI ARID,RAINY,0.2,20,30
COTTON,WET,SEMI ARID,NORMAL,6.3,30,40
COTTON,WET,SEMI ARID,SUNNY,7.8,30,40
COTTON,WET,SEMI ARID,RAINY,0.3,30,40
COTTON,WET,SEMI ARID,NORMAL,7.2,40,50
COTTON,WET,SEMI ARID,SUNNY,8.7,40,50
COTTON,WET,SEMI ARID,RAINY,0.8,40,50
COTTON,WET,SEMI HUMID,NORMAL,3.345,10,20
COTTON,WET,SEMI HUMID,SUNNY,4.85,10,20
COTTON,WET,SEMI HUMID,RAINY,0.1,10,20
COTTON,WET,SEMI HUMID,NORMAL,4.4,20,30
COTTON,WET,SEMI HUMID,SUNNY,5.9,20,30
COTTON,WET,SEMI HUMID,RAINY,0.1,20,30
COTTON,WET,SEMI HUMID,NORMAL,5.54,30,40
COTTON,WET,SEMI HUMID,SUNNY,7.04,30,40
COTTON,WET,SEMI HUMID,RAINY,0.2,30,40
COTTON,WET,SEMI HUMID,NORMAL,6.52,40,50
COTTON,WET,SEMI HUMID,SUNNY,8.02,40,50
COTTON,WET,SEMI HUMID,RAINY,0.3,40,50
COTTON,WET,HUMID,NORMAL,2.06,10,20
COTTON,WET,HUMID,SUNNY,3.56,10,20
COTTON,WET,HUMID,RAINY,0.1,10,20
COTTON,WET,HUMID,NORMAL,3.0,20,30
COTTON,WET,HUMID,SUNNY,4.5,20,30
COTTON,WET,HUMID,RAINY,0.1,20,30
COTTON,WET,HUMID,NORMAL,4.1,30,40
COTTON,WET,HUMID,SUNNY,5.6,30,40
COTTON,WET,HUMID,RAINY,0.1,30,40
COTTON,WET,HUMID,NORMAL,5.15,40,50
COTTON,WET,HUMID,SUNNY,6.65,40,50
COTTON,WET,HUMID,RAINY,0.2,40,50
SUGARCANE,DRY,DESERT,NORMAL,10.54,10,20
SUGARCANE,DRY,DESERT,SUNNY,12.0,10,20
SUGARCANE,DRY,DESERT,RAINY,2.54,10,20
SUGARCANE,DRY,DESERT,NORMAL,11.5,20,30
SUGARCANE,DRY,DESERT,SUNNY,13.0,20,30
SUGARCANE,DRY,DESERT,RAINY,3.5,20,30
SUGARCANE,DRY,DESERT,NORMAL,12.4,30,40
SUGARCANE,DRY,DESERT,SUNNY,14.0,30,40
SUGARCANE,DRY,DESERT,RAINY,4.4,30,40
SUGARCANE,DRY,DESERT,NORMAL,13.6,40,50
SUGARCANE,DRY,DESERT,SUNNY,15.0,40,50
SUGARCANE,DRY,DESERT,RAINY,5.6,40,50
SUGARCANE,DRY,SEMI ARID,NORMAL,9.6,10,20
SUGARCANE,DRY,SEMI ARID,SUNNY,11.0,10,20
SUGARCANE,DRY,SEMI ARID,RAINY,1.6,10,20
SUGARCANE,DRY,SEMI ARID,NORMAL,10.7,20,30
SUGARCANE,DRY,SEMI ARID,SUNNY,12.2,20,30
SUGARCANE,DRY,SEMI ARID,RAINY,2.7,20,30
SUGARCANE,DRY,SEMI ARID,NORMAL,11.6,30,40
SUGARCANE,DRY,SEMI ARID,SUNNY,13.1,30,40
SUGARCANE,DRY,SEMI ARID,RAINY,3.6,30,40
SUGARCANE,DRY,SEMI ARID,NORMAL,12.5,40,50
SUGARCANE,DRY,SEMI ARID,SUNNY,14.0,40,50
SUGARCANE,DRY,SEMI ARID,RAINY,4.5,40,50
SUGARCANE,DRY,SEMI HUMID,NORMAL,8.4,10,20
SUGARCANE,DRY,SEMI HUMID,SUNNY,9.9,10,20
SUGARCANE,DRY,SEMI HUMID,RAINY,0.4,10,20
SUGARCANE,DRY,SEMI HUMID,NORMAL,9.5,20,30
SUGARCANE,DRY,SEMI HUMID,SUNNY,11.0,20,30
SUGARCANE,DRY,SEMI HUMID,RAINY,1.5,20,30
SUGARCANE,DRY,SEMI HUMID,NORMAL,10.4,30,40
SUGARCANE,DRY,SEMI HUMID,SUNNY,11.9,30,40
SUGARCANE,DRY,SEMI HUMID,RAINY,2.4,30,40
SUGARCANE,DRY,SEMI HUMID,NORMAL,11.35,40,50
SUGARCANE,DRY,SEMI HUMID,SUNNY,12.85,40,50
SUGARCANE,DRY,SEMI HUMID,RAINY,3.3,40,50
SUGARCANE,DRY,HUMID,NORMAL,6.9,10,20
SUGARCANE,DRY,HUMID,SUNNY,8.4,10,20
SUGARCANE,DRY,HUMID,RAINY,0.5,10,20
SUGARCANE,DRY,HUMID,NORMAL,7.82,20,30
SUGARCANE,DRY,HUMID,SUNNY,9.32,20,30
SUGARCANE,DRY,HUMID,RAINY,0.8,20,30
SUGARCANE,DRY,HUMID,NORMAL,8.85,30,40
SUGARCANE,DRY,HUMID,SUNNY,10.35,30,40
SUGARCANE,DRY,HUMID,RAINY,0.85,30,40
SUGARCANE,DRY,HUMID,NORMAL,9.7,40,50
SUGARCANE,DRY,HUMID,SUNNY,11.2,40,50
SUGARCANE,DRY,HUMID,RAINY,1.7,40,50
SUGARCANE,HUMID,DESERT,NORMAL,8.06,10,20
SUGARCANE,HUMID,DESERT,SUNNY,9.56,10,20
SUGARCANE,HUMID,DESERT,RAINY,0.1,10,20
SUGARCANE,HUMID,DESERT,NORMAL,9.1,20,30
SUGARCANE,HUMID,DESERT,SUNNY,10.6,20,30
SUGARCANE,HUMID,DESERT,RAINY,1.1,20,30
SUGARCANE,HUMID,DESERT,NORMAL,10.25,30,40
SUGARCANE,HUMID,DESERT,SUNNY,11.75,30,40
SUGARCANE,HUMID,DESERT,RAINY,2.25,30,40
SUGARCANE,HUMID,DESERT,NORMAL,11.1,40,50
SUGARCANE,HUMID,DESERT,SUNNY,12.6,40,50
SUGARCANE,HUMID,DESERT,RAINY,3.1,40,50
SUGARCANE,HUMID,SEMI ARID,NORMAL,7.15,10,20
SUGARCANE,HUMID,SEMI ARID,SUNNY,8.65,10,20
SUGARCANE,HUMID,SEMI ARID,RAINY,0.8,10,20
SUGARCANE,HUMID,SEMI ARID,NORMAL,8.1,20,30
SUGARCANE,HUMID,SEMI ARID,SUNNY,9.6,20,30
SUGARCANE,HUMID,SEMI ARID,RAINY,0.1,20,30
SUGARCANE,HUMID,SEMI ARID,NORMAL,9.2,30,40
SUGARCANE,HUMID,SEMI ARID,SUNNY,10.7,30,40
SUGARCANE,HUMID,SEMI ARID,RAINY,1.2,30,40
SUGARCANE,HUMID,SEMI ARID,NORMAL,10.1,40,50
SUGARCANE,HUMID,SEMI ARID,SUNNY,11.6,40,50
SUGARCANE,HUMID,SEMI ARID,RAINY,2.1,40,50
SUGARCANE,HUMID,SEMI HUMID,NORMAL,5.88,10,20
SUGARCANE,HUMID,SEMI HUMID,SUNNY,7.38,10,20
SUGARCANE,HUMID,SEMI HUMID,RAINY,0.3,10,20
SUGARCANE,HUMID,SEMI HUMID,NORMAL,6.8,20,30
SUGARCANE,HUMID,SEMI HUMID,SUNNY,8.6,20,30
SUGARCANE,HUMID,SEMI HUMID,RAINY,0.6,20,30
SUGARCANE,HUMID,SEMI HUMID,NORMAL,7.9,30,40
SUGARCANE,HUMID,SEMI HUMID,SUNNY,9.4,30,40
SUGARCANE,HUMID,SEMI HUMID,RAINY,0.8,30,40
SUGARCANE,HUMID,SEMI HUMID,NORMAL,8.7,40,50
SUGARCANE,HUMID,SEMI HUMID,SUNNY,10.5,40,50
SUGARCANE,HUMID,SEMI HUMID,RAINY,0.7,40,50
SUGARCANE,HUMID,HUMID,NORMAL,4.34,10,20
SUGARCANE,HUMID,HUMID,SUNNY,5.84,10,20
SUGARCANE,HUMID,HUMID,RAINY,0.2,10,20
SUGARCANE,HUMID,HUMID,NORMAL,5.3,20,30
SUGARCANE,HUMID,HUMID,SUNNY,6.8,20,30
SUGARCANE,HUMID,HUMID,RAINY,0.3,20,30
SUGARCANE,HUMID,HUMID,NORMAL,6.35,30,40
SUGARCANE,HUMID,HUMID,SUNNY,7.85,30,40
SUGARCANE,HUMID,HUMID,RAINY,0.5,30,40
SUGARCANE,HUMID,HUMID,NORMAL,7.32,40,50
SUGARCANE,HUMID,HUMID,SUNNY,8.82,40,50
SUGARCANE,HUMID,HUMID,RAINY,0.8,40,50
SUGARCANE,WET,DESERT,NORMAL,6.2,10,20
SUGARCANE,WET,DESERT,SUNNY,7.7,10,20
SUGARCANE,WET,DESERT,RAINY,0.5,10,20
SUGARCANE,WET,DESERT,NORMAL,7.2,20,30
SUGARCANE,WET,DESERT,SUNNY,8.7,20,30
SUGARCANE,WET,DESERT,RAINY,0.8,20,30
SUGARCANE,WET,DESERT,NORMAL,8.3,30,40
SUGARCANE,WET,DESERT,SUNNY,9.8,30,40
SUGARCANE,WET,DESERT,RAINY,0.3,30,40
SUGARCANE,WET,DESERT,NORMAL,9.4,40,50
SUGARCANE,WET,DESERT,SUNNY,10.9,40,50
SUGARCANE,WET,DESERT,RAINY,1.4,40,50
SUGARCANE,WET,SEMI ARID,NORMAL,5.3,10,20
SUGARCANE,WET,SEMI ARID,SUNNY,6.8,10,20
SUGARCANE,WET,SEMI ARID,RAINY,0.3,10,20
SUGARCANE,WET,SEMI ARID,NORMAL,6.25,20,30
SUGARCANE,WET,SEMI ARID,SUNNY,7.75,20,30
SUGARCANE,WET,SEMI ARID,RAINY,0.5,20,30
SUGARCANE,WET,SEMI ARID,NORMAL,7.35,30,40
SUGARCANE,WET,SEMI ARID,SUNNY,8.85,30,40
SUGARCANE,WET,SEMI ARID,RAINY,0.8,30,40
SUGARCANE,WET,SEMI ARID,NORMAL,8.34,40,50
SUGARCANE,WET,SEMI ARID,SUNNY,9.84,40,50
SUGARCANE,WET,SEMI ARID,RAINY,0.34,40,50
SUGARCANE,WET,SEMI HUMID,NORMAL,4.0,10,20
SUGARCANE,WET,SEMI HUMID,SUNNY,5.5,10,20
SUGARCANE,WET,SEMI HUMID,RAINY,0.2,10,20
SUGARCANE,WET,SEMI HUMID,NORMAL,5.06,20,30
SUGARCANE,WET,SEMI HUMID,SUNNY,6.56,20,30
SUGARCANE,WET,SEMI HUMID,RAINY,0.3,20,30
SUGARCANE,WET,SEMI HUMID,NORMAL,6.04,30,40
SUGARCANE,WET,SEMI HUMID,SUNNY,7.56,30,40
SUGARCANE,WET,SEMI HUMID,RAINY,0.5,30,40
SUGARCANE,WET,SEMI HUMID,NORMAL,7.05,40,50
SUGARCANE,WET,SEMI HUMID,SUNNY,8.56,40,50
SUGARCANE,WET,SEMI HUMID,RAINY,0.8,40,50
SUGARCANE,WET,HUMID,NORMAL,2.48,10,20
SUGARCANE,WET,HUMID,SUNNY,3.98,10,20
SUGARCANE,WET,HUMID,RAINY,0.1,10,20
SUGARCANE,WET,HUMID,NORMAL,3.48,20,30
SUGARCANE,WET,HUMID,SUNNY,4.98,20,30
SUGARCANE,WET,HUMID,RAINY,0.1,20,30
SUGARCANE,WET,HUMID,NORMAL,4.48,30,40
SUGARCANE,WET,HUMID,SUNNY,5.98,30,40
SUGARCANE,WET,HUMID,RAINY,0.2,30,40
SUGARCANE,WET,HUMID,NORMAL,5.48,40,50
SUGARCANE,WET,HUMID,SUNNY,6.98,40,50
SUGARCANE,WET,HUMID,RAINY,0.3,40,50
TOMATO,DRY,DESERT,NORMAL,6.12,10,20
TOMATO,DRY,DESERT,SUNNY,7.62,10,20
TOMATO,DRY,DESERT,RAINY,0.5,10,20
TOMATO,DRY,DESERT,NORMAL,7.12,20,30
TOMATO,DRY,DESERT,SUNNY,8.62,20,30
TOMATO,DRY,DESERT,RAINY,0.8,20,30
TOMATO,DRY,DESERT,NORMAL,8.12,30,40
TOMATO,DRY,DESERT,SUNNY,9.62,30,40
TOMATO,DRY,DESERT,RAINY,0.12,30,40
TOMATO,DRY,DESERT,NORMAL,9.12,40,50
TOMATO,DRY,DESERT,SUNNY,10.62,40,50
TOMATO,DRY,DESERT,RAINY,1.12,40,50
TOMATO,DRY,SEMI ARID,NORMAL,5.58,10,20
TOMATO,DRY,SEMI ARID,SUNNY,7.08,10,20
TOMATO,DRY,SEMI ARID,RAINY,0.3,10,20
TOMATO,DRY,SEMI ARID,NORMAL,6.58,20,30
TOMATO,DRY,SEMI ARID,SUNNY,8.08,20,30
TOMATO,DRY,SEMI ARID,RAINY,0.5,20,30
TOMATO,DRY,SEMI ARID,NORMAL,7.58,30,40
TOMATO,DRY,SEMI ARID,SUNNY,9.08,30,40
TOMATO,DRY,SEMI ARID,RAINY,0.8,30,40
TOMATO,DRY,SEMI ARID,NORMAL,8.58,40,50
TOMATO,DRY,SEMI ARID,SUNNY,10.08,40,50
TOMATO,DRY,SEMI ARID,RAINY,0.58,40,50
TOMATO,DRY,SEMI HUMID,NORMAL,4.86,10,20
TOMATO,DRY,SEMI HUMID,SUNNY,6.36,10,20
TOMATO,DRY,SEMI HUMID,RAINY,0.2,10,20
TOMATO,DRY,SEMI HUMID,NORMAL,5.86,20,30
TOMATO,DRY,SEMI HUMID,SUNNY,7.36,20,30
TOMATO,DRY,SEMI HUMID,RAINY,0.3,20,30
TOMATO,DRY,SEMI HUMID,NORMAL,6.86,30,40
TOMATO,DRY,SEMI HUMID,SUNNY,8.36,30,40
TOMATO,DRY,SEMI HUMID,RAINY,0.5,30,40
TOMATO,DRY,SEMI HUMID,NORMAL,7.86,40,50
TOMATO,DRY,SEMI HUMID,SUNNY,9.36,40,50
TOMATO,DRY,SEMI HUMID,RAINY,0.8,40,50
TOMATO,DRY,HUMID,NORMAL,3.96,10,20
TOMATO,DRY,HUMID,SUNNY,5.46,10,20
TOMATO,DRY,HUMID,RAINY,0.1,10,20
TOMATO,DRY,HUMID,NORMAL,4.96,20,30
TOMATO,DRY,HUMID,SUNNY,6.46,20,30
TOMATO,DRY,HUMID,RAINY,0.2,20,30
TOMATO,DRY,HUMID,NORMAL,5.96,30,40
TOMATO,DRY,HUMID,SUNNY,7.46,30,40
TOMATO,DRY,HUMID,RAINY,0.3,30,40
TOMATO,DRY,HUMID,NORMAL,6.96,40,50
TOMATO,DRY,HUMID,SUNNY,8.46,40,50
TOMATO,DRY,HUMID,RAINY,0.5,40,50
TOMATO,HUMID,DESERT,NORMAL,4.68,10,20
TOMATO,HUMID,DESERT,SUNNY,6.18,10,20
TOMATO,HUMID,DESERT,RAINY,0.2,10,20
TOMATO,HUMID,DESERT,NORMAL,5.68,20,30
TOMATO,HUMID,DESERT,SUNNY,7.18,20,30
TOMATO,HUMID,DESERT,RAINY,0.3,20,30
TOMATO,HUMID,DESERT,NORMAL,6.68,30,40
TOMATO,HUMID,DESERT,SUNNY,8.18,30,40
TOMATO,HUMID,DESERT,RAINY,0.5,30,40
TOMATO,HUMID,DESERT,NORMAL,7.68,40,50
TOMATO,HUMID,DESERT,SUNNY,9.18,40,50
TOMATO,HUMID,DESERT,RAINY,0.8,40,50
TOMATO,HUMID,SEMI ARID,NORMAL,4.14,10,20
TOMATO,HUMID,SEMI ARID,SUNNY,5.64,10,20
TOMATO,HUMID,SEMI ARID,RAINY,0.2,10,20
TOMATO,HUMID,SEMI ARID,NORMAL,5.14,20,30
TOMATO,HUMID,SEMI ARID,SUNNY,6.64,20,30
TOMATO,HUMID,SEMI ARID,RAINY,0.3,20,30
TOMATO,HUMID,SEMI ARID,NORMAL,6.14,30,40
TOMATO,HUMID,SEMI ARID,SUNNY,7.64,30,40
TOMATO,HUMID,SEMI ARID,RAINY,0.5,30,40
TOMATO,HUMID,SEMI ARID,NORMAL,7.14,40,50
TOMATO,HUMID,SEMI ARID,SUNNY,8.64,40,50
TOMATO,HUMID,SEMI ARID,RAINY,0.8,40,50
TOMATO,HUMID,SEMI HUMID,NORMAL,3.42,10,20
TOMATO,HUMID,SEMI HUMID,SUNNY,4.92,10,20
TOMATO,HUMID,SEMI HUMID,RAINY,0.1,10,20
TOMATO,HUMID,SEMI HUMID,NORMAL,4.42,20,30
TOMATO,HUMID,SEMI HUMID,SUNNY,5.92,20,30
TOMATO,HUMID,SEMI HUMID,RAINY,0.2,20,30
TOMATO,HUMID,SEMI HUMID,NORMAL,5.42,30,40
TOMATO,HUMID,SEMI HUMID,SUNNY,6.92,30,40
TOMATO,HUMID,SEMI HUMID,RAINY,0.3,30,40
TOMATO,HUMID,SEMI HUMID,NORMAL,6.42,40,50
TOMATO,HUMID,SEMI HUMID,SUNNY,7.92,40,50
TOMATO,HUMID,SEMI HUMID,RAINY,0.5,40,50
TOMATO,HUMID,HUMID,NORMAL,2.52,10,20
TOMATO,HUMID,HUMID,SUNNY,4.02,10,20
TOMATO,HUMID,HUMID,RAINY,0.1,10,20
TOMATO,HUMID,HUMID,NORMAL,3.52,20,30
TOMATO,HUMID,HUMID,SUNNY,5.02,20,30
TOMATO,HUMID,HUMID,RAINY,0.1,20,30
TOMATO,HUMID,HUMID,NORMAL,4.52,30,40
TOMATO,HUMID,HUMID,SUNNY,6.02,30,40
TOMATO,HUMID,HUMID,RAINY,0.2,30,40
TOMATO,HUMID,HUMID,NORMAL,5.52,40,50
TOMATO,HUMID,HUMID,SUNNY,7.02,40,50
TOMATO,HUMID,HUMID,RAINY,0.3,40,50
TOMATO,WET,DESERT,NORMAL,3.6,10,20
TOMATO,WET,DESERT,SUNNY,5.1,10,20
TOMATO,WET,DESERT,RAINY,0.1,10,20
TOMATO,WET,DESERT,NORMAL,4.6,20,30
TOMATO,WET,DESERT,SUNNY,6.1,20,30
TOMATO,WET,DESERT,RAINY,0.2,20,30
TOMATO,WET,DESERT,NORMAL,5.6,30,40
TOMATO,WET,DESERT,SUNNY,7.1,30,40
TOMATO,WET,DESERT,RAINY,0.3,30,40
TOMATO,WET,DESERT,NORMAL,6.6,40,50
TOMATO,WET,DESERT,SUNNY,8.1,40,50
TOMATO,WET,DESERT,RAINY,0.5,40,50
TOMATO,WET,SEMI ARID,NORMAL,3.06,10,20
TOMATO,WET,SEMI ARID,SUNNY,4.56,10,20
TOMATO,WET,SEMI ARID,RAINY,0.1,10,20
TOMATO,WET,SEMI ARID,NORMAL,4.06,20,30
TOMATO,WET,SEMI ARID,SUNNY,5.56,20,30
TOMATO,WET,SEMI ARID,RAINY,0.2,20,30
TOMATO,WET,SEMI ARID,NORMAL,5.06,30,40
TOMATO,WET,SEMI ARID,SUNNY,6.56,30,40
TOMATO,WET,SEMI ARID,RAINY,0.3,30,40
TOMATO,WET,SEMI ARID,NORMAL,6.06,40,50
TOMATO,WET,SEMI ARID,SUNNY,7.56,40,50
TOMATO,WET,SEMI ARID,RAINY,0.5,40,50
TOMATO,WET,SEMI HUMID,NORMAL,2.34,10,20
TOMATO,WET,SEMI HUMID,SUNNY,3.84,10,20
TOMATO,WET,SEMI HUMID,RAINY,0.1,10,20
TOMATO,WET,SEMI HUMID,NORMAL,3.34,20,30
TOMATO,WET,SEMI HUMID,SUNNY,4.84,20,30
TOMATO,WET,SEMI HUMID,RAINY,0.1,20,30
TOMATO,WET,SEMI HUMID,NORMAL,4.34,30,40
TOMATO,WET,SEMI HUMID,SUNNY,5.84,30,40
TOMATO,WET,SEMI HUMID,RAINY,0.2,30,40
TOMATO,WET,SEMI HUMID,NORMAL,5.34,40,50
TOMATO,WET,SEMI HUMID,SUNNY,6.84,40,50
TOMATO,WET,SEMI HUMID,RAINY,0.3,40,50
TOMATO,WET,HUMID,NORMAL,1.44,10,20
TOMATO,WET,HUMID,SUNNY,3.0,10,20
TOMATO,WET,HUMID,RAINY,0.1,10,20
TOMATO,WET,HUMID,NORMAL,2.44,20,30
TOMATO,WET,HUMID,SUNNY,4.0,20,30
TOMATO,WET,HUMID,RAINY,0.1,20,30
TOMATO,WET,HUMID,NORMAL,3.44,30,40
TOMATO,WET,HUMID,SUNNY,5.0,30,40
TOMATO,WET,HUMID,RAINY,0.1,30,40
TOMATO,WET,HUMID,NORMAL,4.44,40,50
TOMATO,WET,HUMID,SUNNY,6.0,40,50
TOMATO,WET,HUMID,RAINY,0.2,40,50
ONION,DRY,DESERT,NORMAL,4.25,10,20
ONION,DRY,DESERT,SUNNY,5.75,10,20
ONION,DRY,DESERT,RAINY,0.2,10,20
ONION,DRY,DESERT,NORMAL,5.25,20,30
ONION,DRY,DESERT,SUNNY,6.75,20,30
ONION,DRY,DESERT,RAINY,0.3,20,30
ONION,DRY,DESERT,NORMAL,6.25,30,40
ONION,DRY,DESERT,SUNNY,7.75,30,40
ONION,DRY,DESERT,RAINY,0.5,30,40
ONION,DRY,DESERT,NORMAL,7.25,40,50
ONION,DRY,DESERT,SUNNY,8.75,40,50
ONION,DRY,DESERT,RAINY,0.8,40,50
ONION,DRY,SEMI ARID,NORMAL,4.125,10,20
ONION,DRY,SEMI ARID,SUNNY,5.625,10,20
ONION,DRY,SEMI ARID,RAINY,0.2,10,20
ONION,DRY,SEMI ARID,NORMAL,5.125,20,30
ONION,DRY,SEMI ARID,SUNNY,6.625,20,30
ONION,DRY,SEMI ARID,RAINY,0.3,20,30
ONION,DRY,SEMI ARID,NORMAL,6.125,30,40
ONION,DRY,SEMI ARID,SUNNY,7.625,30,40
ONION,DRY,SEMI ARID,RAINY,0.5,30,40
ONION,DRY,SEMI ARID,NORMAL,7.125,40,50
ONION,DRY,SEMI ARID,SUNNY,8.625,40,50
ONION,DRY,SEMI ARID,RAINY,0.8,40,50
ONION,DRY,SEMI HUMID,NORMAL,3.375,10,20
ONION,DRY,SEMI HUMID,SUNNY,4.875,10,20
ONION,DRY,SEMI HUMID,RAINY,0.1,10,20
ONION,DRY,SEMI HUMID,NORMAL,4.375,20,30
ONION,DRY,SEMI HUMID,SUNNY,5.875,20,30
ONION,DRY,SEMI HUMID,RAINY,0.2,20,30
ONION,DRY,SEMI HUMID,NORMAL,5.375,30,40
ONION,DRY,SEMI HUMID,SUNNY,6.875,30,40
ONION,DRY,SEMI HUMID,RAINY,0.3,30,40
ONION,DRY,SEMI HUMID,NORMAL,6.375,40,50
ONION,DRY,SEMI HUMID,SUNNY,7.875,40,50
ONION,DRY,SEMI HUMID,RAINY,0.5,40,50
ONION,DRY,HUMID,NORMAL,2.75,10,20
ONION,DRY,HUMID,SUNNY,4.25,10,20
ONION,DRY,HUMID,NORMAL,3.75,10,20
ONION,DRY,HUMID,SUNNY,0.1,10,20
ONION,DRY,HUMID,RAINY,5.25,20,30
ONION,DRY,HUMID,NORMAL,4.75,20,30
ONION,DRY,HUMID,SUNNY,0.1,20,30
ONION,DRY,HUMID,RAINY,6.25,30,40
ONION,DRY,HUMID,NORMAL,5.75,30,40
ONION,DRY,HUMID,SUNNY,0.2,30,40
ONION,DRY,HUMID,RAINY,7.25,40,50
ONION,DRY,HUMID,NORMAL,6.75,40,50
ONION,DRY,HUMID,NORMAL,0.3,40,50
ONION,HUMID,DESERT,SUNNY,3.25,10,20
ONION,HUMID,DESERT,RAINY,4.25,10,20
ONION,HUMID,DESERT,NORMAL,0.1,10,20
ONION,HUMID,DESERT,SUNNY,4.25,20,30
ONION,HUMID,DESERT,RAINY,5.25,20,30
ONION,HUMID,DESERT,NORMAL,0.2,20,30
ONION,HUMID,DESERT,SUNNY,5.25,30,40
ONION,HUMID,DESERT,RAINY,6.25,30,40
ONION,HUMID,DESERT,NORMAL,0.3,30,40
ONION,HUMID,DESERT,SUNNY,6.25,40,50
ONION,HUMID,DESERT,RAINY,7.25,40,50
ONION,HUMID,DESERT,NORMAL,0.5,40,50
ONION,HUMID,SEMI ARID,SUNNY,2.875,10,20
ONION,HUMID,SEMI ARID,RAINY,3.875,10,20
ONION,HUMID,SEMI ARID,NORMAL,0.1,10,20
ONION,HUMID,SEMI ARID,SUNNY,3.875,20,30
ONION,HUMID,SEMI ARID,RAINY,4.875,20,30
ONION,HUMID,SEMI ARID,NORMAL,0.1,20,30
ONION,HUMID,SEMI ARID,SUNNY,4.875,30,40
ONION,HUMID,SEMI ARID,NORMAL,6.375,30,40
ONION,HUMID,SEMI ARID,SUNNY,5.875,30,40
ONION,HUMID,SEMI ARID,RAINY,5.875,40,50
ONION,HUMID,SEMI ARID,NORMAL,7.375,40,50
ONION,HUMID,SEMI ARID,SUNNY,6.875,40,50
ONION,HUMID,SEMI HUMID,RAINY,2.375,10,20
ONION,HUMID,SEMI HUMID,NORMAL,3.875,10,20
ONION,HUMID,SEMI HUMID,SUNNY,3.375,10,20
ONION,HUMID,SEMI HUMID,RAINY,3.375,20,30
ONION,HUMID,SEMI HUMID,NORMAL,4.875,20,30
ONION,HUMID,SEMI HUMID,NORMAL,4.375,20,30
ONION,HUMID,SEMI HUMID,SUNNY,0.1,20,30
ONION,HUMID,SEMI HUMID,RAINY,5.875,30,40
ONION,HUMID,SEMI HUMID,NORMAL,5.375,30,40
ONION,HUMID,SEMI HUMID,SUNNY,0.2,30,40
ONION,HUMID,SEMI HUMID,RAINY,6.875,40,50
ONION,HUMID,SEMI HUMID,NORMAL,6.575,40,50
ONION,HUMID,SEMI HUMID,SUNNY,0.3,40,50
ONION,HUMID,HUMID,RAINY,3.25,10,20
ONION,HUMID,HUMID,NORMAL,2.75,10,20
ONION,HUMID,HUMID,SUNNY,0.1,10,20
ONION,HUMID,HUMID,RAINY,4.25,20,30
ONION,HUMID,HUMID,NORMAL,3.75,20,30
ONION,HUMID,HUMID,SUNNY,0.1,20,30
ONION,HUMID,HUMID,RAINY,5.25,30,40
ONION,HUMID,HUMID,NORMAL,4.75,30,40
ONION,HUMID,HUMID,SUNNY,0.1,30,40
ONION,HUMID,HUMID,RAINY,6.25,40,50
ONION,HUMID,HUMID,NORMAL,5.75,40,50
ONION,HUMID,HUMID,SUNNY,0.2,40,50
ONION,WET,DESERT,NORMAL,2.5,10,20
ONION,WET,DESERT,SUNNY,4.0,10,20
ONION,WET,DESERT,RAINY,0.1,10,20
ONION,WET,DESERT,NORMAL,3.5,20,30
ONION,WET,DESERT,SUNNY,5.0,20,30
ONION,WET,DESERT,RAINY,0.1,20,30
ONION,WET,DESERT,NORMAL,4.5,30,40
ONION,WET,DESERT,SUNNY,6.0,30,40
ONION,WET,DESERT,RAINY,0.2,30,40
ONION,WET,DESERT,NORMAL,5.5,40,50
ONION,WET,DESERT,NORMAL,7.0,40,50
ONION,WET,DESERT,SUNNY,6.5,40,50
ONION,WET,SEMI ARID,RAINY,2.125,10,20
ONION,WET,SEMI ARID,NORMAL,3.625,10,20
ONION,WET,SEMI ARID,SUNNY,3.125,10,20
ONION,WET,SEMI ARID,RAINY,3.125,20,30
ONION,WET,SEMI ARID,NORMAL,4.625,20,30
ONION,WET,SEMI ARID,SUNNY,4.125,20,30
ONION,WET,SEMI ARID,RAINY,4.125,30,40
ONION,WET,SEMI ARID,NORMAL,5.625,30,40
ONION,WET,SEMI ARID,SUNNY,5.125,30,40
ONION,WET,SEMI ARID,RAINY,5.125,40,50
ONION,WET,SEMI ARID,NORMAL,6.625,40,50
ONION,WET,SEMI ARID,SUNNY,6.125,40,50
ONION,WET,SEMI HUMID,RAINY,1.625,10,20
ONION,WET,SEMI HUMID,NORMAL,3.125,10,20
ONION,WET,SEMI HUMID,SUNNY,2.625,10,20
ONION,WET,SEMI HUMID,RAINY,2.625,20,30
ONION,WET,SEMI HUMID,NORMAL,4.125,20,30
ONION,WET,SEMI HUMID,SUNNY,3.625,20,30
ONION,WET,SEMI HUMID,NORMAL,0.1,20,30
ONION,WET,SEMI HUMID,SUNNY,3.625,30,40
ONION,WET,SEMI HUMID,RAINY,4.625,30,40
ONION,WET,SEMI HUMID,NORMAL,0.1,30,40
ONION,WET,SEMI HUMID,SUNNY,4.625,40,50
ONION,WET,SEMI HUMID,RAINY,5.625,40,50
ONION,WET,SEMI HUMID,NORMAL,0.2,40,50
ONION,WET,HUMID,SUNNY,1.625,10,20
ONION,WET,HUMID,RAINY,2.625,10,20
ONION,WET,HUMID,NORMAL,0.1,10,20
ONION,WET,HUMID,NORMAL,2.625,20,30
ONION,WET,HUMID,SUNNY,4.125,20,30
ONION,WET,HUMID,RAINY,0.1,20,30
ONION,WET,HUMID,NORMAL,3.625,30,40
ONION,WET,HUMID,SUNNY,5.125,30,40
ONION,WET,HUMID,RAINY,0.1,30,40
ONION,WET,HUMID,NORMAL,4.625,40,50
ONION,WET,HUMID,SUNNY,6.125,40,50
ONION,WET,HUMID,RAINY,0.2,40,50
